nodeId,networkId,tokenName,tokenSymbol,nodeGroup,date,nodeStake,pubsCommited,pubsCommited1stEpochOnly,estimatedEarnings,cumulativeEstimatedEarnings,payouts,cumulativePayouts,ask
10,QmXkL415jBmkuzi183ALtmCsdEfm3XiUNxLdqKwuUjwCtx,Trace Labs Node 6,TLNODE_6,Trace Labs,2023-07-10T00:00:00.000Z,51089.414456864,3,0,0.557578125,1394.6693734205332,0.446984435,1089.414452755,0.13
12,QmaVYtFZcraSnVMpzHhdxHXZHb6juXAQWZ5taShWHWQSUh,Trace Labs Node 27,TLNODE_27,Trace Labs,2023-07-10T00:00:00.000Z,51669.816450457,10,2,1.9603125,2319.4262215952335,2.175716209,1669.816446264,0.11
94,QmWXFBUi5EBPpUYXS8Chswymgct14DugGQABzt32m3Ly4p,Kanos,KAN,Alliance,2023-07-10T00:00:00.000Z,50230.071633515,0,0,0.0,648.9940625,0.0,230.071633389,0.24
86,Qmb44HMCYoQPkNfxxVE6rDtYv3uoKZJkp52cpfQi72BXqD,Sinaloa2,SNL2,Solo,2023-07-10T00:00:00.000Z,53164.117943888,11,2,2.150859375,715.8644375,0.0,164.11794388,0.24
71,Qmcq6oVUF64DY8h9SWJkpXugExULwrmnyoySQjQ27sRjkt,drMurlly-DKGv6-3,DKGv6-3,Alliance,2023-07-10T00:00:00.000Z,0.0,0,0,0.0,532.144589841,0.0,0.0,0.24
114,QmaUMsMLhMwC21L9qcPu9VBNpYAuEnGTNUK2tPwRge4XH9,SDUINODE,SDUI,Solo,2023-07-10T00:00:00.000Z,60000.0,0,0,0.0,0.46,0.0,0.0,0.24
104,QmdaU5wBTFSTkPuA2Pmq7Wbqrw4Nr6w8yR64rjbwYpBqL1,SOON3,EMP3,Alliance,2023-07-10T00:00:00.000Z,50035.175385199,8,8,1.941796875,500.406328125,0.849999999,35.175385171,0.24
48,QmXV8HvaDmb59ZXeeLKjQCUKf9WTNyAWFPq7N7YBBGercj,Hotnode8,Hotnode8,Alliance,2023-07-10T00:00:00.000Z,60809.709391406,9,3,1.842890625,3418.5324376083167,0.602724199,2623.468030291,0.24
70,QmT9GStkoa2zAGmrjh94XvMWTMSzmp5NKgCwS6vev5pHer,LuKu,LuKu,Alliance,2023-07-10T00:00:00.000Z,51752.493682703,12,3,2.5321875,2739.0403036991,0.849999999,1752.493682266,0.24
96,Qmf4h7WE79aqjRsE9iA4KnHwDHqySJtuDXir2Gf6FCaT1w,BID,BID,Solo,2023-07-10T00:00:00.000Z,51598.527210442,14,14,3.7575,904.7803125,0.483333333,598.527210051,0.2
73,QmfNJ6tVMZ9ZPcvFSo73Za2qtXe6Wts1HATwjHgCWuKCoL,JuLen,JLT,Alliance,2023-07-10T00:00:00.000Z,50898.318032265,9,4,1.920703125,1404.6101308539166,0.919444444,798.318032133,0.24
13,QmdxdGWjRqtE2wdoaoWQFMqrUPrsnFoLJ3QcCFDJ3fPtTt,Trace Labs Node 20,TLNODE_20,Trace Labs,2023-07-10T00:00:00.000Z,50857.607783219,9,3,1.84078125,1305.0628664523667,0.283333333,857.607780107,0.11
113,QmSKeBQHJDgKyCbUZW3Mbtt75vsW64n3MnY8cMom5eSPjq,kooltek68,kooltek68,Solo,2023-07-10T00:00:00.000Z,55550.0,7,7,1.68,440.423203125,0.0,0.0,0.24
81,QmNrKvfW4Mw6bgzkVr55bLyMNDLhe4qKaXz58Yfpa2CDYY,drMurlly-DKGv6-4,DKGv6-4,Alliance,2023-07-10T00:00:00.000Z,50020.134002222,2,1,0.4275,782.8569433545,0.283333333,510.134002018,0.24
76,QmZs1JecPip98cznh621wdhByLFPQuEfQPM5RoEfVp5EzY,CoachPA Node 4,COACH4,Solo,2023-07-10T00:00:00.000Z,51151.53908677,2,2,0.48,560.2783925744167,0.483333333,151.539086702,0.24
30,QmcB3BHQhUzRmLNzo2rAZGjLPFHUTeGhFLji9AgeZfeQWs,Trace Labs Node 13,TLNODE_13,Trace Labs,2023-07-10T00:00:00.000Z,53279.964276232,22,11,5.087578125,4521.206381194983,1.897936767,3279.863683211,0.1
24,Qmetd2wyq6yTqYcUG7DiUSiJmSPVVqtg6ZyeKa7Gastf1k,Trace Labs Node 25,TLNODE_25,Trace Labs,2023-07-10T00:00:00.000Z,51027.821139776,8,1,1.543828125,1436.8575319858166,0.294234609,1027.576381737,0.11
39,QmesuY31BVZEfCYzfEf2mx6KSkyEvwtCk3rV5ho3SPfRYJ,carbontracker,ct-otp,Solo,2023-07-10T00:00:00.000Z,0.0,0,0,0.0,0.0,0.0,0.0,0.002
100,QmTV8KALCUi2dcoAZ3W13foKDvayJFie1VoZTjDLFLUunM,SOON2,EMP2,Alliance,2023-07-10T00:00:00.000Z,50062.264645724,0,0,0.0,515.373046875,0.0,62.264645679,0.24
37,Qme8odkEfiHHNp2Pa4qkUJiWsqsH8nVrrcohNNN4HhYpkJ,COGE_TRAC,COGE,Solo,2023-07-10T00:00:00.000Z,53181.831293266,5,1,1.02421875,1668.89365841965,0.137517187,1181.734352177,0.24
72,QmNtxNx8qx83bbApzc8bz48dFETSf4m1XwnZ7eo7q6MssG,Stunt,STN,Solo,2023-07-10T00:00:00.000Z,52240.528883351,12,4,2.456015625,2327.977757802333,0.2,1240.528883231,0.24
75,QmY2mcLSswmrcqmjFCSEwTYTeMH8tZVeRvCzZBhAUrLr85,kitty02,kit02,Alliance,2023-07-10T00:00:00.000Z,63870.030469105,12,3,2.412421875,2697.8721972541666,0.2,1370.03046878,0.297243174
53,QmYTjVNYTPFMiRhnfyLBKMzfYBTdbktTSMh1ZKpzvZu1sj,TRAC02,TRAC02,Solo,2023-07-10T00:00:00.000Z,53095.389620502,4,0,0.751875,1855.5695715090167,1.156474087,1095.295495029,0.24
105,QmQrD9YyhJY1oZ35fJ8CRo3VM8t5ABQrjS2R23Abg33KJJ,Two Ravens E&C,TWRVN,Solo,2023-07-10T00:00:00.000Z,52314.101555555,3,3,0.72,190.292203125,0.0,8.970555548,0.002
41,Qmaa96tesPwJCBjnhJgPBfpFg4HKvU2BLE2ao4g2bg9hVT,Branimir Rakic X88,BRX88,Alliance,2023-07-10T00:00:00.000Z,76471.017498598,2,1,0.4284375,2165.973443067933,2.149860249,1470.736130464,0.24
102,Qmcj2eQrYT2FQeXXKVHkmGPxkJisGUx3ZTK9vnw8Q1qskT,drMurlly-DKGv6-5,DKGv6-5,Alliance,2023-07-10T00:00:00.000Z,50019.510603841,3,3,0.80484375,545.233359375,0.566666666,49.510603804,0.24
101,QmdosmTKejBAhyXzqmideFKUyXMiucLXWRZvFST9mk8b37,drMurlly-DKGv6-3b,DKGv6-3b,Alliance,2023-07-10T00:00:00.000Z,50040.408615451,7,7,1.68,810.196875,1.414545355,60.408615406,0.24
5,QmUUdsHQmRfCPXdd84j3JQCFoJHVGmY3847kCkKSq6n7RN,Trace Labs Node 5,TLNODE_5,Trace Labs,2023-07-10T00:00:00.000Z,50728.096242309,4,2,0.854296875,1257.8479570555833,1.403792074,728.096239559,0.118
8,QmYCCXqCe5LHHi9ZxZTw1xTcYXZ47cwk8LmTRAcqWW53e1,Trace Labs Node 21,TLNODE_21,Trace Labs,2023-07-10T00:00:00.000Z,52768.281782008,9,5,1.952578125,4055.390783704683,1.51086755,2678.281776645,0.1
84,QmTjs8wGS297NsQ9B3D42E11dUWAR8P3XsikvuKkJy8qFD,Sinoloa1,SNL1,Solo,2023-07-10T00:00:00.000Z,53304.735209304,12,3,2.5321875,880.198703125,0.6,304.73520919,0.24
82,QmeoBNoPq4oyRhJrufF6mPkVA7sKX9keYEwLMFbNUfqyY5,SHIFT01,ST01,Alliance,2023-07-10T00:00:00.000Z,53668.863657591,8,2,1.602421875,640.88953125,0.2,383.863657441,0.24
36,QmVY4xRwJVV4w5BESrpRW8s6Xv15j9n1ZFBw2TSes18aMv,Kitty,Kit,Alliance,2023-07-10T00:00:00.000Z,63920.03385882,7,2,1.416796875,2742.84535847425,2.526066979,1919.033853792,0.32
32,QmPTT7R3rwKUawLJxEXwcerZfqC2rkYWr2uZiXUo6ftFoS,Trace Labs Node 12,TLNODE_12,Trace Labs,2023-07-10T00:00:00.000Z,53296.711583773,13,3,2.571328125,3679.598998439267,1.261605474,3296.711576909,0.11
108,QmancZ6c2zGCpujhhSLHrg9naAY8BwAGSJVPgRUMfG4AxE,SPARK4,PWD4,Solo,2023-07-10T00:00:00.000Z,50019.558078342,1,1,0.24,482.89734375,0.0,19.558078326,0.24
116,QmcZHDH5XnrifFUA2FhBWmjsgQFwqibvXqHMQTB9VKNG3y,dkgnode2,DKGN2,Solo,2023-07-10T00:00:00.000Z,400000.0,11,11,2.64,588.77484375,0.0,0.0,1e-05
111,QmXWrYF6yBfFudYzRx272jMNKbnSD2gsxJXBDCMSBdZuK8,SPARK2,PWD2,Solo,2023-07-10T00:00:00.000Z,50032.560533311,2,2,0.48,407.7853125,0.2,32.560533288,0.24
90,QmW9RZBE7gdsLVa7hhzjik48yz8zDjaBJH3ih3QpBVSEGv,SHIFT06,ST06,Alliance,2023-07-10T00:00:00.000Z,53311.729977756,3,3,0.804375,570.53234375,0.2,26.729977736,0.24
99,QmYnZYqsuzA4Pr21YeDtQSouDvr4nT5wshnSdaa6A3uvG8,SOON,EMP,Alliance,2023-07-10T00:00:00.000Z,50056.029863823,1,1,0.24,304.631015625,0.2,56.02986378,0.24
61,QmVCzVXqPXFgfdN7FXsQCqC2PYf8u8pWHL7MX9EVuLMsMH,COGE_TRAC03,COGET03,Solo,2023-07-10T00:00:00.000Z,53059.269518579,7,3,1.4709375,1244.56838276775,1.49415574,636.269517955,0.24
11,QmeaeLpQENK5eHHMF6Kt5iqeFtqADV8vUzcp3jYeSghCQy,Trace Labs Node 18,TLNODE_18,Trace Labs,2023-07-10T00:00:00.000Z,50877.99237322,4,2,0.854296875,1257.0453818534168,0.831248647,877.992370218,0.1
68,QmNz2N82FAKBDKHEBSi32NxikbPewsUqkMDdVxZmkZiZka,CoachPA Node 3,COACH3,Solo,2023-07-10T00:00:00.000Z,52186.836509943,2,0,0.3759375,1388.2220214833333,0.2,1186.836509894,0.24
19,QmUNnGWcQgeat54n3DpLRMHSHpvcGDhjnL2wdEWBno9eEC,Trace Labs Node 26,TLNODE_26,Trace Labs,2023-07-10T00:00:00.000Z,51008.1916365,16,5,3.359765625,1648.6599633088333,0.0,1008.19163296,0.12
91,QmaM3ubEDegc8uRb7kDnFp2M1Y2A86PBDdXEMy5qBRVWnf,SHIFT07,ST07,Alliance,2023-07-10T00:00:00.000Z,53520.030764236,5,5,1.2,824.405390625,0.646077473,235.030764107,0.24
47,QmSdi4m5SBfPU8VcTB3dB2i1HWAV6G4VdPQgo7K8xEqFWU,Hotnode6,Hotnode6,Alliance,2023-07-10T00:00:00.000Z,58582.166205249,5,2,1.043671875,1688.7385215808167,1.695291077,982.166203438,0.24
26,QmVQfYT9c4iaBmiFZsNcQZJJJbDKuodBHUXSexfnwuUnwg,Trace Labs Node 23,TLNODE_23,Trace Labs,2023-07-10T00:00:00.000Z,53627.400265437,7,1,1.350703125,3489.340473873883,1.418163795,3627.400258826,0.1
58,Qma2UjJmKRkq2ssjPvpsmLFjneSyeDNqpKjuUi158rpfVV,CVIKI,CVI,Alliance,2023-07-10T00:00:00.000Z,51708.875198807,6,2,1.2328125,1792.3917577920834,0.990233916,1208.875198432,0.24
52,QmWV8WbhuXj22tbWKc9pnfPaCAdWKRZpMDnpAKxfpCXM2R,drMurlly-DKGv6-2,DKGv6-2,Alliance,2023-07-10T00:00:00.000Z,50037.506811713,5,1,1.02421875,1620.9835341527332,0.1000125,1087.373986293,0.24
121,Qmb49PRCUmotz15MSyhUWuwzBg2ENtqDiUTb695HmfmvVD,OTLee,OTL,Alliance,2023-07-10T00:00:00.000Z,300000.0,0,0,0.0,0.0,0.0,0.0,0.24
1,QmemqyXyvrTAm7PwrcTcFiEEFx69efdR92GSZ1oQprbdja,Trace Labs Node 1,TLNODE_1,Trace Labs,2023-07-10T00:00:00.000Z,0.0,0,0,0.0,0.0,0.0,0.0,0.00375
40,QmRWR3W32A1eiqW7nWwcPxPbmK68VzXpyPrS7rpcjrY7SV,Branimir Rakic X87,BRX87,Alliance,2023-07-10T00:00:00.000Z,77005.518321668,8,5,1.759453125,2901.9351131150165,0.97351953,2005.168976167,0.24
25,QmRiWNNEc9WQAfjX7tM2sdsunbKJTiywWdsYGw6W8Uo1Q1,Trace Labs Node 15,TLNODE_15,Trace Labs,2023-07-10T00:00:00.000Z,52864.751408106,16,6,3.44484375,4183.367824127983,1.851438603,2864.507593807,0.11
23,QmZ7xMtgJ1vBey5ifvD6yFsxH4VmSQVwtKrX8zNuZ2uiKb,Trace Labs Node 30,TLNODE_30,Trace Labs,2023-07-10T00:00:00.000Z,53360.496499241,18,8,3.79828125,4294.455523631684,1.945346482,3360.269467719,0.1
120,QmZYtjVipLma2AhHbjPRia9PJDe9vX7ezgTxNSFrSkWTKb,BioOne,TRAC,Solo,2023-07-10T00:00:00.000Z,60000.0,2,2,0.48,148.77796875,0.0,0.0,0.24
67,QmUNARF8G5xeRC3VkVAANpQWeVgPuMCQUuNcMKzZxare2B,CoachPA Node 2,COACH2,Solo,2023-07-10T00:00:00.000Z,53043.515316115,7,3,1.462734375,3858.4565820108332,1.537917013,2043.515315732,0.24
79,QmNqdyK4dAZg97Dy8XRZ8VAUppLJeBJdpdkUq1u8iowuUS,Amado2,Amado2,Alliance,2023-07-10T00:00:00.000Z,52694.131474626,10,3,2.023359375,543.4441503905,0.0,194.131474572,0.24
80,QmPx8gKqABFQuzYTHD7Ka9uvbFvmg7hfezU8BYcUahvVUC,Amado4,Amado4,Alliance,2023-07-10T00:00:00.000Z,52841.657389262,9,3,1.8365625,820.8170214784167,0.2,341.657389113,0.24
3,QmQHeX9fHNjdBZxHVtuUQDdQDQ2XnvxaxdG7Y5fgiBimLQ,Trace Labs Node 3,TLNODE_3,Trace Labs,2023-07-10T00:00:00.000Z,51891.011682849,14,9,3.09,3100.8362937165334,1.625679592,1891.011680029,0.128
46,QmbQeQsPytKnBVbRJsLosGZGPXcUaBMbgfeB6rKbiBDxGc,Hotnode5,Hotnode5,Alliance,2023-07-10T00:00:00.000Z,58946.389454784,9,4,1.8871875,2327.7725316326,0.715527551,1346.389453452,0.24
62,QmTge66HJdzqgML2kWALnHuMCsXCyfRbzr51ite9GFFhvb,TRA©VERSE,KNOW,Alliance,2023-07-10T00:00:00.000Z,51119.368346223,4,0,0.746484375,2106.6651464769166,0.510004588,1119.368345995,0.24
122,Qmb545S4B8aBzkjsUCAxjKiZpuBdgs9PgJUUD6cD4qg3A3,BioTwo,DNA,Alliance,2023-07-10T00:00:00.000Z,60000.0,5,5,1.284375,50.482265625,0.0,0.0,0.24
110,QmbBn8L27ewqEA3V2mYqUqTwWq1Zk9jKXJst9meALVNXki,SPARK6,PWD6,Solo,2023-07-10T00:00:00.000Z,50028.350678168,3,3,0.72,369.754921875,0.2,28.35067815,0.24
31,QmbaHGQByXY8TvBwx1R2eQLt6XXpKeRAg4kEbR1yDjmVuM,Trace Labs Node 16,TLNODE_16,Trace Labs,2023-07-10T00:00:00.000Z,54091.754457196,38,13,7.845,5221.239909034067,3.056055482,4091.560033017,0.12
56,QmZFfAiUKFSUUg5eYR1qzXia67LYjm64pdbR9buRTdyd8N,Hotnode2,Hotnode2,Alliance,2023-07-10T00:00:00.000Z,51692.358605223,16,8,3.414140625,3043.87118160425,1.783360497,1649.358604445,0.24
43,QmdddUvKwcoq7FTmjoWqZxKiBE4izexcJ9jwzTHrNFUpVz,Branimir Rakic X89,BRX89,Alliance,2023-07-10T00:00:00.000Z,76917.627266754,17,4,3.37921875,3418.1101005271,3.936192499,1917.627265568,0.24
28,QmPMNPPsr4iyoTEPwKiWUfwHQEDSDL4Fbf457k8deg1zxr,Trace Labs Node 2,TLNODE_2,Trace Labs,2023-07-10T00:00:00.000Z,50489.497917095,3,1,0.614296875,960.4820218606667,0.458557942,489.497915871,0.176
92,QmUB5Pb2UUyeH9AYhJpyxpGF7yNzW98ujJsVkoSgAy3ScG,PEMA01,PEMA01,Alliance,2023-07-10T00:00:00.000Z,50158.901126662,3,3,0.72,322.23375,0.283333333,158.90112657,0.24
109,QmdGgJWhw46SDPuGh8DQKoDYRGqC5QPWVGuatn1ggqrCar,SPARK5,PWD5,Solo,2023-07-10T00:00:00.000Z,50042.450868055,8,8,1.92,645.51890625,0.533691406,42.45086802,0.24
69,Qmb3yiWrE9J7twAMZkEFvgNoJwEykuvfC2uBjTNPcmCHfc,DKG Warrior 1,DKGWAR1,Alliance,2023-07-10T00:00:00.000Z,54127.900213909,9,3,1.84078125,896.46313084675,0.0,527.90021382,0.24
107,QmYUipWZSu6XAGbAw6az5Jg3fL9kRJiSLqsHPVFMagnJbU,SPARK3,PWD3,Solo,2023-07-10T00:00:00.000Z,50038.653990342,7,7,1.68,654.635625,1.038324652,38.653990314,0.24
55,QmS7qKhwkGUPj4HtETibDmSSgu5FsNbKxtWYrnLGEghqK5,Hotnode1,Hotnode1,Alliance,2023-07-10T00:00:00.000Z,52785.48676259,29,14,6.556171875,4758.372441194583,2.456463776,2745.286369599,0.24
89,QmRHFJSMg6soz7PKegG4WW9mZxBns8FXNqEGkHE9UanPfm,SHIFT05,ST05,Alliance,2023-07-10T00:00:00.000Z,53500.016005112,3,3,0.803671875,519.785328125,0.2,215.016005002,0.24
16,QmdS3NwRXqmHpy6yzZ9k49Sau8Eb67zah1CKZ7nNpLMHoD,Trace Labs Node 8,TLNODE_8,Trace Labs,2023-07-10T00:00:00.000Z,50775.578605212,4,0,0.746484375,1381.8400109148333,0.0,775.578604365,0.11
6,Qmeay8Jy7nMfi7i4ykeEg7qRS5Ba4NpwSH2aQTxXmjCrbL,Trace Labs Node 19,TLNODE_19,Trace Labs,2023-07-10T00:00:00.000Z,51156.563187808,7,2,1.4090625,2011.6313582433834,0.283333333,1156.56318347,0.12
7,QmaSu1NT7R5XYSqvYHwxPmaPBYzKMyBfEViXtBsJg9YWae,Trace Labs Node 7,TLNODE_7,Trace Labs,2023-07-10T00:00:00.000Z,51253.564375429,9,1,1.7334375,1685.4301293403666,0.310097812,1253.564374648,0.115
21,QmPptt8g1bdJbPic8bZPUY3TqGdDPuJC8jtY5pjR3Gkqan,Trace Labs Node 31,TLNODE_31,Trace Labs,2023-07-10T00:00:00.000Z,52704.361904686,3,1,0.61125,2720.3856983523,0.519937255,2704.361899444,0.1
42,QmX4HRTqVpPVui5sLHVaxBdu4TXq92xc9jiJftmSd9FcjC,Branimir Rakic X,BRX,Alliance,2023-07-10T00:00:00.000Z,74394.703133916,8,2,1.5928125,3493.9150625389834,0.0,1894.606944734,0.24
103,QmYUQxkU1ZLXi95EPTUMWwVdkuFcpLSdeM1R4aD6C6MXDH,LIT,LIT,Solo,2023-07-10T00:00:00.000Z,50038.957855902,8,8,1.941796875,497.039296875,0.4,38.957855871,0.22
93,QmcSxJE8nZmRZufLoJF78jcUTsa1pe54U2XXRHamGBxT4N,PEMA02,PEMA02,Solo,2023-07-10T00:00:00.000Z,50209.957751564,4,4,0.96,548.5650683592,0.0,209.95775146,0.17
14,QmZceSUg7vVEXqcHnQbKMihZ4Kn5etLXbHb5wSzT8R4J1K,Trace Labs Node 29,TLNODE_29,Trace Labs,2023-07-10T00:00:00.000Z,50738.830070965,5,1,0.982265625,1151.6820573417167,1.03325429,738.83006759,0.11
51,QmcmsZ76Yrm3sf6jZx7SX83W3CnWwadfYQ6YerefWAZuuH,drMurlly-DKGv6-1,DKGv6-1,Alliance,2023-07-10T00:00:00.000Z,50043.577803023,9,3,1.84078125,1382.4453507616167,0.29961875,793.577802242,0.24
17,QmbUXe8cNfvtUumZr1CZEibGmYHu5kBjhu5Xwm3PeGsjXY,Trace Labs Node 9,TLNODE_9,Trace Labs,2023-07-10T00:00:00.000Z,50597.798874379,7,4,1.5215625,901.9587467578167,0.57875385,597.798873442,0.12
44,QmSjLxW54uyPTKtJ3LZcNCmjZReKA2PyieHuuGKkkhA5vT,kCosmi,kCC,Alliance,2023-07-10T00:00:00.000Z,102605.950173719,16,4,3.17953125,3968.0075165292665,1.733969171,2634.950170087,0.24
66,QmcgCVvM6R7YBU78S5B7DjRhwBsMeV4TAdDyRhDT3Sdr9S,(NLD)OT Node,DANS,Solo,2023-07-10T00:00:00.000Z,0.0,0,0,0.0,0.0,0.0,0.0,0.24
59,QmfMb7nuzR12xaVTayNSLJax9LeQEncctZupnKDasKhdEx,Blockchain22Networks,B22N,Solo,2023-07-10T00:00:00.000Z,56914.323473144,2,2,0.48,2743.1969804564833,1.620639178,2238.186767432,0.241
97,QmV7yVitPPfGm6AqkiLWQLHpv47KuBmtnswRGW4yunAHZB,PEMA03,PEMA03,Solo,2023-07-10T00:00:00.000Z,50275.864225659,4,4,0.96,433.21734375,0.0,275.864225485,0.17
117,QmdSpXBSLic3C4oJK6HpJ6qzEY4Ni1mH8MVDdzUVeT3Kxv,dkg_node_3_token,dkg_node_3,Solo,2023-07-10T00:00:00.000Z,400000.0,7,7,1.79765625,363.42046875,0.0,0.0,0.001
77,QmQSmxjJL38oT6D8UHoyJzg9zhFmUtteH1uepFUZVUPKgD,Amado1,Amado1,Alliance,2023-07-10T00:00:00.000Z,52869.853155108,8,3,1.724296875,1057.8678828043332,0.4,369.853154904,0.24
38,QmV9WL9J8FEUEZznaCTK1mZuKkjP3CkRt3979fVZHbXVvm,Branimir Rakic X86,BRX86,Alliance,2023-07-10T00:00:00.000Z,75691.709079872,1,1,0.24,1266.8360820759833,0.0,691.624188131,0.24
15,QmNkmydWxHqj9voSjWkcVewefrDxEuwfyBkbGkwh4oZuWY,Trace Labs Node 11,TLNODE_11,Trace Labs,2023-07-10T00:00:00.000Z,50647.202713092,0,0,0.0,901.4654518507666,0.264762695,647.202712345,0.114
83,QmNRfsnE4Ea9rGkYkgnprre2Us4Dz4G85QKUi3V5iRBPsY,2961b8f91e1726913d12a4d8a093bec7da649632132d1bf71eabad0ad22d8c86,GLD,Solo,2023-07-10T00:00:00.000Z,55341.814372634,3,0,0.556875,709.61415625,1.038888888,341.814372446,0.2
60,QmNd7jyRjY8QXmPFE3M9q37vp93iAT35wbQVewytrNVJa2,Blockchain22Networks-1,B22N-1,Solo,2023-07-10T00:00:00.000Z,52418.086891674,7,7,1.68,1853.2145126891332,1.199551989,873.086891409,0.241
85,QmVR9JM6mzJwwEQ9YkfJg3ZrrQK13jDARRuoykyhyh9Nbc,SHIFT02,ST02,Alliance,2023-07-10T00:00:00.000Z,53632.633753741,9,1,1.714921875,787.30259375,0.2,347.633753583,0.24
118,QmPtxryUf9L9xLkTkSMZaTdUjCjX2XAUgzGkZtYpnsVfgN,dkg_node_4_token,dkg_node_4,Solo,2023-07-10T00:00:00.000Z,400000.0,0,0,0.0,18.153046875,0.0,0.0,0.005
64,QmZinr9WnYbygsJvWP4tWznMEWhUzoqoiDaHKYMzP1oqma,Trini Zone,Trini,Alliance,2023-07-10T00:00:00.000Z,51326.698834409,8,4,1.71234375,1945.628837886,0.769632363,1326.698834192,0.24
2,QmZFcns6eGUosD96beHyevKu1jGJ1bA56Reg2f1J4q59Jt,Trace Labs Node 0,TLNODE_0,Trace Labs,2023-07-10T00:00:00.000Z,0.0,0,0,0.0,0.01710205066666667,0.0,0.017056506,0.00375
4,Qmbt6JkNzKhtxJz4CyBCisjbrz39qb1ziWX9kzez6dFkG9,Trace Labs Node 4,TLNODE_4,Trace Labs,2023-07-10T00:00:00.000Z,50254.907780827,1,1,0.24,427.19969210106666,0.2,254.907777022,0.135
119,QmQEU9yMiERqaQEXuWohadDeGwkBF1hsVE7AWqCzCJQyHv,dkg_node_5_token,dkg_node_5,Solo,2023-07-10T00:00:00.000Z,300000.0,9,9,2.16,413.4065625,0.0,0.0,0.01
22,QmSHNjGfzapQL6sNrZTSCL6NCDsjH8i65BGqSjmJ4ZDu9T,Trace Labs Node 24,TLNODE_24,Trace Labs,2023-07-10T00:00:00.000Z,51674.747131828,10,6,2.183671875,2277.6561837818335,1.621456612,1674.747128235,0.11
49,QmWPGrwxjcFP8MAuS8PGPxWabtQR9kcXnyDpXrUULpnucd,Hotnode7,Hotnode7,Alliance,2023-07-10T00:00:00.000Z,59348.000558537,6,3,1.370390625,2501.2003023420666,2.027007943,1747.756431566,0.24
87,QmSmkRKYw171oGV4iPJxd6MDSrnLu7AiKjsawz5hVDpZxt,SHIFT03,ST03,Alliance,2023-07-10T00:00:00.000Z,53659.346833155,1,1,0.24,628.649765625,0.0,374.346832978,0.24
29,QmTEisCvd7eYiANqVGvHd6RGpQ3ru1pd77Qxnn97PZP3i5,Trace Labs Node 28,TLNODE_28,Trace Labs,2023-07-10T00:00:00.000Z,51593.446621078,12,7,2.604140625,2083.7854059115334,1.280455311,1593.215204285,0.12
20,Qmb7eiBwhE6JqEWFXSJ7qxJdHZGEfBcfmSZUr8uAEbvcFg,Trace Labs Node 14,TLNODE_14,Trace Labs,2023-07-10T00:00:00.000Z,53420.309024485,13,2,2.52609375,4111.703383952567,1.051212807,3420.16874381,0.118
74,QmdiEMaxS1w2UT29Gh5XmVB43yLTXGij6w4J4nDCicZhVA,Node Jesus 1,NJ1,Solo,2023-07-10T00:00:00.000Z,50547.551096545,1,1,0.323671875,1076.0487285111667,0.0,547.551096417,0.24
65,QmP19HNvJJi5VuvkP5tpgHLmFvSrpHat5NVZxq7TEbafEH,CoachPA Node 1,COACH,Solo,2023-07-10T00:00:00.000Z,52091.700957404,13,7,2.791171875,1918.1934062453333,0.697572708,1091.700957296,0.24
45,QmPVxRU4EyJ2R4FqtCTXKbkVZVQNdSBwmvN2b767zHme3b,Hotnode4,Hotnode4,Alliance,2023-07-10T00:00:00.000Z,60746.05241969,12,4,2.471015625,4254.659682348483,2.019256281,3145.795494592,0.24
78,QmUSHCxxisiGipuMNqigcU64YgwiTjU9nTnvZkPPtWGeBy,Amado3,Amado3,Alliance,2023-07-10T00:00:00.000Z,52908.241742762,2,0,0.375703125,910.5165097559334,0.0,408.241742578,0.24
54,QmfGTWRn5pJ3mHZ1iZnviLJe3TFHJMQ5bFZAUr1mnD2Rf5,Weave,WEAV,Solo,2023-07-10T00:00:00.000Z,51393.887217635,8,3,1.77,2323.0245429064835,1.534756638,1393.791591648,0.24
112,QmQosDTb7acNGdCA87H7AaioHoUwXzyhTJ7syqhCdEzagM,Pull,PUL,Solo,2023-07-10T00:00:00.000Z,50518.386282009,0,0,0.0,374.083828125,0.0,18.386281997,0.22
27,QmQwA2Hz8zNchVjGX4TWvqySCP5cbkLLVjUSvRsCHhQ4SB,Trace Labs Node 10,TLNODE_10,Trace Labs,2023-07-10T00:00:00.000Z,52537.243285902,9,3,1.831171875,3113.0119634229,1.05766408,2537.143087528,0.11
88,QmT1sYXxgfnuN43Uu9DFkanJSUCB6WkWS3H4eUb4bRGNAK,SHIFT04,ST04,Alliance,2023-07-10T00:00:00.000Z,53463.08992842,3,3,0.72,459.927421875,0.2,178.089928333,0.24
98,QmWnnXzeuePCiS89PWsk6aRLGDZUA7tQLpV9pfUimodtBQ,4165341117b199642bc9cf8fe8e9ef7246d017dead863ad7d34abf88958b09ba,GAP,Solo,2023-07-10T00:00:00.000Z,50915.254207183,4,4,0.99234375,1257.3825,1.533333332,415.254206965,0.24
106,QmXEuMWk67BH2dbvFSyEBRt72Mv3m97EJh89PVz2YmQbwr,SPARK,PWD,Solo,2023-07-10T00:00:00.000Z,50010.136924913,3,3,0.80484375,431.21578125,0.0,10.136924906,0.24
57,QmeERxvJvfsgvSoRyW8pNjQf1a1ebms9hnUUXHmvH3eQnm,Hotnode3,Hotnode3,Alliance,2023-07-10T00:00:00.000Z,67229.501915461,10,2,1.950234375,3175.9186874770835,2.411592815,2229.501914539,0.24
9,QmVWyGofF7fAiKXyAQyyAKg9YEre7xvggMwqjCz1u4vJ7Y,Trace Labs Node 17,TLNODE_17,Trace Labs,2023-07-10T00:00:00.000Z,53747.768008568,38,13,7.845,5408.368538190133,4.325908755,3747.768003696,0.114
115,QmW4nmy8bvTNSUkBaHFwdBx37BbZPAcwHX5ZYKFNqjU6Qz,dkgnode1,DKGN1,Solo,2023-07-10T00:00:00.000Z,300000.0,16,16,3.861796875,628.5068437499333,0.0,0.0,0.0001
95,QmYFJVZRqxoF93LtWPuZYr5ADBVzkkN9bQ52pYxtt46JvU,Kwalla,KWLA,Solo,2023-07-10T00:00:00.000Z,50000.0,5,5,1.2,280.42,0.0,0.0,0.29
18,QmZSFcfQ9DesB4ZjkT3qJ3VyCYDLFRYbC5U1VyVPN47dwE,Trace Labs Node 22,TLNODE_22,Trace Labs,2023-07-10T00:00:00.000Z,53924.422193052,13,3,2.601796875,4647.1125561539,2.670797633,3924.32693686,0.09
91,QmaM3ubEDegc8uRb7kDnFp2M1Y2A86PBDdXEMy5qBRVWnf,SHIFT07,ST07,Alliance,2023-07-09T00:00:00.000Z,53519.384686762,43,43,10.534921875,823.205390625,4.676378035,234.384686634,0.24
90,QmW9RZBE7gdsLVa7hhzjik48yz8zDjaBJH3ih3QpBVSEGv,SHIFT06,ST06,Alliance,2023-07-09T00:00:00.000Z,53311.529977756,47,47,11.80265625,569.72796875,2.372488063,26.529977736,0.24
68,QmNz2N82FAKBDKHEBSi32NxikbPewsUqkMDdVxZmkZiZka,CoachPA Node 3,COACH3,Solo,2023-07-09T00:00:00.000Z,52186.636509943,16,5,3.30984375,1387.8460839833333,1.322222221,1186.636509894,0.24
58,Qma2UjJmKRkq2ssjPvpsmLFjneSyeDNqpKjuUi158rpfVV,CVIKI,CVI,Alliance,2023-07-09T00:00:00.000Z,51707.884964887,85,28,18.3196875,1791.1589452920834,8.619282948,1207.884964516,0.24
100,QmTV8KALCUi2dcoAZ3W13foKDvayJFie1VoZTjDLFLUunM,SOON2,EMP2,Alliance,2023-07-09T00:00:00.000Z,50062.264645724,42,42,10.5571875,515.373046875,5.763066945,62.264645679,0.24
15,QmNkmydWxHqj9voSjWkcVewefrDxEuwfyBkbGkwh4oZuWY,Trace Labs Node 11,TLNODE_11,Trace Labs,2023-07-09T00:00:00.000Z,50646.937950397,31,6,6.176015625,901.4654518507666,1.797763649,646.93794965,0.114
117,QmdSpXBSLic3C4oJK6HpJ6qzEY4Ni1mH8MVDdzUVeT3Kxv,dkg_node_3_token,dkg_node_3,Solo,2023-07-09T00:00:00.000Z,400000.0,63,63,16.466015625,361.6228125,0.0,0.0,0.001
28,QmPMNPPsr4iyoTEPwKiWUfwHQEDSDL4Fbf457k8deg1zxr,Trace Labs Node 2,TLNODE_2,Trace Labs,2023-07-09T00:00:00.000Z,50489.039359153,43,18,9.05390625,959.8677249856667,8.731517391,489.039357929,0.176
115,QmW4nmy8bvTNSUkBaHFwdBx37BbZPAcwHX5ZYKFNqjU6Qz,dkgnode1,DKGN1,Solo,2023-07-09T00:00:00.000Z,300000.0,93,93,23.4759375,624.6450468749333,0.0,0.0,0.0001
103,QmYUQxkU1ZLXi95EPTUMWwVdkuFcpLSdeM1R4aD6C6MXDH,LIT,LIT,Solo,2023-07-09T00:00:00.000Z,50038.557855902,28,28,6.90046875,495.0975,3.166666666,38.557855871,0.22
121,Qmb49PRCUmotz15MSyhUWuwzBg2ENtqDiUTb695HmfmvVD,OTLee,OTL,Alliance,2023-07-09T00:00:00.000Z,300000.0,0,0,0.0,0.0,0.0,0.0,0.24
104,QmdaU5wBTFSTkPuA2Pmq7Wbqrw4Nr6w8yR64rjbwYpBqL1,SOON3,EMP3,Alliance,2023-07-09T00:00:00.000Z,50034.325385199,31,31,7.62046875,498.46453125,4.686111106,34.325385172,0.24
54,QmfGTWRn5pJ3mHZ1iZnviLJe3TFHJMQ5bFZAUr1mnD2Rf5,Weave,WEAV,Solo,2023-07-09T00:00:00.000Z,51392.352460994,61,21,12.56625,2321.2545429064835,15.616617132,1392.25683501,0.24
48,QmXV8HvaDmb59ZXeeLKjQCUKf9WTNyAWFPq7N7YBBGercj,Hotnode8,Hotnode8,Alliance,2023-07-09T00:00:00.000Z,60808.995570644,99,33,21.078046875,3416.6895469833166,11.189905229,2622.865306092,0.24
66,QmcgCVvM6R7YBU78S5B7DjRhwBsMeV4TAdDyRhDT3Sdr9S,(NLD)OT Node,DANS,Solo,2023-07-09T00:00:00.000Z,0.0,0,0,0.0,0.0,0.0,0.0,0.24
44,QmSjLxW54uyPTKtJ3LZcNCmjZReKA2PyieHuuGKkkhA5vT,kCosmi,kCC,Alliance,2023-07-09T00:00:00.000Z,102604.216204546,202,78,42.210234375,3964.8279852792666,26.506763216,2633.216200916,0.24
24,Qmetd2wyq6yTqYcUG7DiUSiJmSPVVqtg6ZyeKa7Gastf1k,Trace Labs Node 25,TLNODE_25,Trace Labs,2023-07-09T00:00:00.000Z,51027.526905167,69,26,14.5059375,1435.3137038608168,5.200914655,1027.282147128,0.11
69,Qmb3yiWrE9J7twAMZkEFvgNoJwEykuvfC2uBjTNPcmCHfc,DKG Warrior 1,DKGWAR1,Alliance,2023-07-09T00:00:00.000Z,54127.900213909,79,28,16.58578125,894.62234959675,0.0,527.90021382,0.24
108,QmancZ6c2zGCpujhhSLHrg9naAY8BwAGSJVPgRUMfG4AxE,SPARK4,PWD4,Solo,2023-07-09T00:00:00.000Z,50019.558078342,54,54,13.571953125,482.65734375,2.774452038,19.558078326,0.24
78,QmUSHCxxisiGipuMNqigcU64YgwiTjU9nTnvZkPPtWGeBy,Amado3,Amado3,Alliance,2023-07-09T00:00:00.000Z,52908.241742762,115,42,24.02578125,910.1408066309333,6.304020177,408.241742578,0.24
67,QmUNARF8G5xeRC3VkVAANpQWeVgPuMCQUuNcMKzZxare2B,CoachPA Node 2,COACH2,Solo,2023-07-09T00:00:00.000Z,53041.977399101,129,45,26.66296875,3856.9938476358334,9.0349131,2041.977398719,0.24
102,Qmcj2eQrYT2FQeXXKVHkmGPxkJisGUx3ZTK9vnw8Q1qskT,drMurlly-DKGv6-5,DKGv6-5,Alliance,2023-07-09T00:00:00.000Z,50018.943937174,62,62,15.29015625,544.428515625,4.431087235,48.943937138,0.24
4,Qmbt6JkNzKhtxJz4CyBCisjbrz39qb1ziWX9kzez6dFkG9,Trace Labs Node 4,TLNODE_4,Trace Labs,2023-07-09T00:00:00.000Z,50254.707780827,16,16,3.965625,426.95969210106665,3.055555553,254.707777022,0.135
79,QmNqdyK4dAZg97Dy8XRZ8VAUppLJeBJdpdkUq1u8iowuUS,Amado2,Amado2,Alliance,2023-07-09T00:00:00.000Z,52694.131474626,74,27,15.371484375,541.4207910155,3.860481768,194.131474572,0.24
84,QmTjs8wGS297NsQ9B3D42E11dUWAR8P3XsikvuKkJy8qFD,Sinoloa1,SNL1,Solo,2023-07-09T00:00:00.000Z,53304.135209304,111,43,23.224453125,877.666515625,6.765353727,304.13520919,0.24
106,QmXEuMWk67BH2dbvFSyEBRt72Mv3m97EJh89PVz2YmQbwr,SPARK,PWD,Solo,2023-07-09T00:00:00.000Z,50010.136924913,44,44,10.8225,430.4109375,3.228439667,10.136924906,0.24
18,QmZSFcfQ9DesB4ZjkT3qJ3VyCYDLFRYbC5U1VyVPN47dwE,Trace Labs Node 22,TLNODE_22,Trace Labs,2023-07-09T00:00:00.000Z,53921.751395415,202,85,42.850546875,4644.5107592789,21.20682652,3921.656139227,0.09
32,QmPTT7R3rwKUawLJxEXwcerZfqC2rkYWr2uZiXUo6ftFoS,Trace Labs Node 12,TLNODE_12,Trace Labs,2023-07-09T00:00:00.000Z,53295.449978298,130,43,27.01171875,3677.0276703142667,5.603029191,3295.449971435,0.11
113,QmSKeBQHJDgKyCbUZW3Mbtt75vsW64n3MnY8cMom5eSPjq,kooltek68,kooltek68,Solo,2023-07-09T00:00:00.000Z,55550.0,52,52,13.149140625,438.743203125,0.0,0.0,0.24
27,QmQwA2Hz8zNchVjGX4TWvqySCP5cbkLLVjUSvRsCHhQ4SB,Trace Labs Node 10,TLNODE_10,Trace Labs,2023-07-09T00:00:00.000Z,52536.18562182,81,32,16.887421875,3111.1807915479,12.227638378,2536.085423448,0.11
64,QmZinr9WnYbygsJvWP4tWznMEWhUzoqoiDaHKYMzP1oqma,Trini Zone,Trini,Alliance,2023-07-09T00:00:00.000Z,51325.929202046,97,36,20.28,1943.916494136,4.396094717,1325.929201829,0.24
61,QmVCzVXqPXFgfdN7FXsQCqC2PYf8u8pWHL7MX9EVuLMsMH,COGE_TRAC03,COGET03,Solo,2023-07-09T00:00:00.000Z,53057.775362834,63,28,14.074453125,1243.09744526775,11.212004206,634.775362215,0.24
57,QmeERxvJvfsgvSoRyW8pNjQf1a1ebms9hnUUXHmvH3eQnm,Hotnode3,Hotnode3,Alliance,2023-07-09T00:00:00.000Z,67227.090322642,114,45,24.121640625,3173.9684531020835,18.019518663,2227.090321724,0.24
21,QmPptt8g1bdJbPic8bZPUY3TqGdDPuJC8jtY5pjR3Gkqan,Trace Labs Node 31,TLNODE_31,Trace Labs,2023-07-09T00:00:00.000Z,52703.84196743,73,28,15.361875,2719.7744483523,5.984653084,2703.841962189,0.1
107,QmYUipWZSu6XAGbAw6az5Jg3fL9kRJiSLqsHPVFMagnJbU,SPARK3,PWD3,Solo,2023-07-09T00:00:00.000Z,50037.61566569,44,44,11.119921875,652.955625,4.191921655,37.615665662,0.24
8,QmYCCXqCe5LHHi9ZxZTw1xTcYXZ47cwk8LmTRAcqWW53e1,Trace Labs Node 21,TLNODE_21,Trace Labs,2023-07-09T00:00:00.000Z,52766.770914456,128,63,28.80234375,4053.438205579683,18.479190216,2676.770909095,0.1
95,QmYFJVZRqxoF93LtWPuZYr5ADBVzkkN9bQ52pYxtt46JvU,Kwalla,KWLA,Solo,2023-07-09T00:00:00.000Z,50000.0,34,34,8.16,279.22,0.0,0.0,0.29
11,QmeaeLpQENK5eHHMF6Kt5iqeFtqADV8vUzcp3jYeSghCQy,Trace Labs Node 18,TLNODE_18,Trace Labs,2023-07-09T00:00:00.000Z,50877.161124571,57,19,11.686640625,1256.1910849784167,9.371742569,877.161121571,0.1
43,QmdddUvKwcoq7FTmjoWqZxKiBE4izexcJ9jwzTHrNFUpVz,Branimir Rakic X89,BRX89,Alliance,2023-07-09T00:00:00.000Z,76913.691074247,179,53,37.476328125,3414.7308817771,27.689982418,1913.691073069,0.24
109,QmdGgJWhw46SDPuGh8DQKoDYRGqC5QPWVGuatn1ggqrCar,SPARK5,PWD5,Solo,2023-07-09T00:00:00.000Z,50041.917176649,51,51,12.90796875,643.59890625,4.309060325,41.917176614,0.24
49,QmWPGrwxjcFP8MAuS8PGPxWabtQR9kcXnyDpXrUULpnucd,Hotnode7,Hotnode7,Alliance,2023-07-09T00:00:00.000Z,59345.973550591,80,27,17.218828125,2499.829911717067,14.206158261,1745.729423623,0.24
23,QmZ7xMtgJ1vBey5ifvD6yFsxH4VmSQVwtKrX8zNuZ2uiKb,Trace Labs Node 30,TLNODE_30,Trace Labs,2023-07-09T00:00:00.000Z,53358.551152757,177,86,39.158203125,4290.657242381683,16.623809356,3358.324121237,0.1
12,QmaVYtFZcraSnVMpzHhdxHXZHb6juXAQWZ5taShWHWQSUh,Trace Labs Node 27,TLNODE_27,Trace Labs,2023-07-09T00:00:00.000Z,51667.640734246,99,23,20.954765625,2317.465909095233,17.493739669,1667.640730055,0.11
39,QmesuY31BVZEfCYzfEf2mx6KSkyEvwtCk3rV5ho3SPfRYJ,carbontracker,ct-otp,Solo,2023-07-09T00:00:00.000Z,0.0,0,0,0.0,0.0,0.0,0.0,0.002
26,QmVQfYT9c4iaBmiFZsNcQZJJJbDKuodBHUXSexfnwuUnwg,Trace Labs Node 23,TLNODE_23,Trace Labs,2023-07-09T00:00:00.000Z,53625.982101639,80,26,16.49484375,3487.9897707488835,18.284407656,3625.982095031,0.1
77,QmQSmxjJL38oT6D8UHoyJzg9zhFmUtteH1uepFUZVUPKgD,Amado1,Amado1,Alliance,2023-07-09T00:00:00.000Z,52869.453155108,144,62,30.553828125,1056.1435859293333,3.693185762,369.453154904,0.24
19,QmUNnGWcQgeat54n3DpLRMHSHpvcGDhjnL2wdEWBno9eEC,Trace Labs Node 26,TLNODE_26,Trace Labs,2023-07-09T00:00:00.000Z,51008.1916365,114,41,23.561015625,1645.3001976838334,1.641453556,1008.19163296,0.12
74,QmdiEMaxS1w2UT29Gh5XmVB43yLTXGij6w4J4nDCicZhVA,Node Jesus 1,NJ1,Solo,2023-07-09T00:00:00.000Z,50547.551096545,63,28,13.451953125,1075.7250566361668,4.935807288,547.551096417,0.24
53,QmYTjVNYTPFMiRhnfyLBKMzfYBTdbktTSMh1ZKpzvZu1sj,TRAC02,TRAC02,Solo,2023-07-09T00:00:00.000Z,53094.233146413,43,16,9.07875,1854.8176965090167,8.202505759,1094.139020942,0.24
85,QmVR9JM6mzJwwEQ9YkfJg3ZrrQK13jDARRuoykyhyh9Nbc,SHIFT02,ST02,Alliance,2023-07-09T00:00:00.000Z,53632.433753741,33,19,7.261171875,785.587671875,4.173719615,347.433753583,0.24
97,QmV7yVitPPfGm6AqkiLWQLHpv47KuBmtnswRGW4yunAHZB,PEMA03,PEMA03,Solo,2023-07-09T00:00:00.000Z,50275.864225659,28,28,6.90046875,432.25734375,1.758333332,275.864225485,0.17
122,Qmb545S4B8aBzkjsUCAxjKiZpuBdgs9PgJUUD6cD4qg3A3,BioTwo,DNA,Alliance,2023-07-09T00:00:00.000Z,60000.0,31,31,7.691015625,49.197890625,0.0,0.0,0.24
72,QmNtxNx8qx83bbApzc8bz48dFETSf4m1XwnZ7eo7q6MssG,Stunt,STN,Solo,2023-07-09T00:00:00.000Z,52240.328883351,131,46,27.426328125,2325.521742177333,2.024153644,1240.328883231,0.24
1,QmemqyXyvrTAm7PwrcTcFiEEFx69efdR92GSZ1oQprbdja,Trace Labs Node 1,TLNODE_1,Trace Labs,2023-07-09T00:00:00.000Z,0.0,0,0,0.0,0.0,0.0,0.0,0.00375
101,QmdosmTKejBAhyXzqmideFKUyXMiucLXWRZvFST9mk8b37,drMurlly-DKGv6-3b,DKGv6-3b,Alliance,2023-07-09T00:00:00.000Z,50038.994070095,60,60,14.9165625,808.516875,4.500200735,58.994070051,0.24
80,QmPx8gKqABFQuzYTHD7Ka9uvbFvmg7hfezU8BYcUahvVUC,Amado4,Amado4,Alliance,2023-07-09T00:00:00.000Z,52841.457389262,110,35,23.338828125,818.9804589784167,2.809114581,341.457389113,0.24
120,QmZYtjVipLma2AhHbjPRia9PJDe9vX7ezgTxNSFrSkWTKb,BioOne,TRAC,Solo,2023-07-09T00:00:00.000Z,60000.0,42,42,10.4475,148.29796875,0.0,0.0,0.24
59,QmfMb7nuzR12xaVTayNSLJax9LeQEncctZupnKDasKhdEx,Blockchain22Networks,B22N,Solo,2023-07-09T00:00:00.000Z,56912.566128886,38,38,9.12,2742.7169804564833,14.254914424,2236.566128254,0.241
87,QmSmkRKYw171oGV4iPJxd6MDSrnLu7AiKjsawz5hVDpZxt,SHIFT03,ST03,Alliance,2023-07-09T00:00:00.000Z,53659.346833155,33,33,8.980546875,628.409765625,1.202777777,374.346832978,0.24
119,QmQEU9yMiERqaQEXuWohadDeGwkBF1hsVE7AWqCzCJQyHv,dkg_node_5_token,dkg_node_5,Solo,2023-07-09T00:00:00.000Z,300000.0,95,95,23.3559375,411.2465625,0.0,0.0,0.01
96,Qmf4h7WE79aqjRsE9iA4KnHwDHqySJtuDXir2Gf6FCaT1w,BID,BID,Solo,2023-07-09T00:00:00.000Z,51598.043877109,69,69,17.011875,901.0228125,7.396549475,598.043876718,0.2
45,QmPVxRU4EyJ2R4FqtCTXKbkVZVQNdSBwmvN2b767zHme3b,Hotnode4,Hotnode4,Alliance,2023-07-09T00:00:00.000Z,60744.033163407,135,55,29.10984375,4252.188666723483,14.832695165,3143.776238311,0.24
112,QmQosDTb7acNGdCA87H7AaioHoUwXzyhTJ7syqhCdEzagM,Pull,PUL,Solo,2023-07-09T00:00:00.000Z,50518.386282009,33,33,8.104453125,374.083828125,2.724999998,18.386281997,0.22
114,QmaUMsMLhMwC21L9qcPu9VBNpYAuEnGTNUK2tPwRge4XH9,SDUINODE,SDUI,Solo,2023-07-09T00:00:00.000Z,60000.0,0,0,0.0,0.46,0.0,0.0,0.24
82,QmeoBNoPq4oyRhJrufF6mPkVA7sKX9keYEwLMFbNUfqyY5,SHIFT01,ST01,Alliance,2023-07-09T00:00:00.000Z,53668.663657591,68,20,13.914140625,639.287109375,2.216666665,383.663657441,0.24
76,QmZs1JecPip98cznh621wdhByLFPQuEfQPM5RoEfVp5EzY,CoachPA Node 4,COACH4,Solo,2023-07-09T00:00:00.000Z,51151.055753437,50,20,10.62609375,559.7983925744167,3.928949651,151.055753369,0.24
116,QmcZHDH5XnrifFUA2FhBWmjsgQFwqibvXqHMQTB9VKNG3y,dkgnode2,DKGN2,Solo,2023-07-09T00:00:00.000Z,400000.0,105,105,26.626171875,586.13484375,0.0,0.0,1e-05
40,QmRWR3W32A1eiqW7nWwcPxPbmK68VzXpyPrS7rpcjrY7SV,Branimir Rakic X87,BRX87,Alliance,2023-07-09T00:00:00.000Z,77004.544802137,131,60,28.974140625,2900.175659990017,12.351797476,2004.195456637,0.24
13,QmdxdGWjRqtE2wdoaoWQFMqrUPrsnFoLJ3QcCFDJ3fPtTt,Trace Labs Node 20,TLNODE_20,Trace Labs,2023-07-09T00:00:00.000Z,50857.324449886,78,28,16.3940625,1303.2220852023668,8.309367167,857.324446774,0.11
22,QmSHNjGfzapQL6sNrZTSCL6NCDsjH8i65BGqSjmJ4ZDu9T,Trace Labs Node 24,TLNODE_24,Trace Labs,2023-07-09T00:00:00.000Z,51673.125675213,115,43,24.034921875,2275.4725119068335,9.936664592,1673.125671623,0.11
62,QmTge66HJdzqgML2kWALnHuMCsXCyfRbzr51ite9GFFhvb,TRA©VERSE,KNOW,Alliance,2023-07-09T00:00:00.000Z,51118.858341633,112,45,24.199921875,2105.9186621019167,5.730425797,1118.858341407,0.24
20,Qmb7eiBwhE6JqEWFXSJ7qxJdHZGEfBcfmSZUr8uAEbvcFg,Trace Labs Node 14,TLNODE_14,Trace Labs,2023-07-09T00:00:00.000Z,53419.257811676,118,47,24.896484375,4109.177290202567,15.190986887,3419.117531003,0.118
81,QmNrKvfW4Mw6bgzkVr55bLyMNDLhe4qKaXz58Yfpa2CDYY,drMurlly-DKGv6-4,DKGv6-4,Alliance,2023-07-09T00:00:00.000Z,50019.850668888,55,21,12.24421875,782.4294433545,3.627300345,509.850668685,0.24
105,QmQrD9YyhJY1oZ35fJ8CRo3VM8t5ABQrjS2R23Abg33KJJ,Two Ravens E&C,TWRVN,Solo,2023-07-09T00:00:00.000Z,52314.101555555,29,29,7.0584375,189.572203125,0.849999999,8.970555548,0.002
73,QmfNJ6tVMZ9ZPcvFSo73Za2qtXe6Wts1HATwjHgCWuKCoL,JuLen,JLT,Alliance,2023-07-09T00:00:00.000Z,50897.398587821,103,43,22.493671875,1402.6894277289166,4.177956812,797.398587689,0.24
93,QmcSxJE8nZmRZufLoJF78jcUTsa1pe54U2XXRHamGBxT4N,PEMA02,PEMA02,Solo,2023-07-09T00:00:00.000Z,50209.957751564,47,47,11.833125,547.6050683592,0.719444444,209.95775146,0.17
31,QmbaHGQByXY8TvBwx1R2eQLt6XXpKeRAg4kEbR1yDjmVuM,Trace Labs Node 16,TLNODE_16,Trace Labs,2023-07-09T00:00:00.000Z,54088.503982724,253,105,53.651015625,5213.394909034067,28.895730032,4088.503977535,0.12
65,QmP19HNvJJi5VuvkP5tpgHLmFvSrpHat5NVZxq7TEbafEH,CoachPA Node 1,COACH,Solo,2023-07-09T00:00:00.000Z,52091.003384696,74,28,15.60796875,1915.4022343703334,4.063888826,1091.003384588,0.24
9,QmVWyGofF7fAiKXyAQyyAKg9YEre7xvggMwqjCz1u4vJ7Y,Trace Labs Node 17,TLNODE_17,Trace Labs,2023-07-09T00:00:00.000Z,53743.442099807,247,100,52.268203125,5400.523538190133,32.112347821,3743.442094941,0.114
60,QmNd7jyRjY8QXmPFE3M9q37vp93iAT35wbQVewytrNVJa2,Blockchain22Networks-1,B22N-1,Solo,2023-07-09T00:00:00.000Z,52416.887339682,43,43,10.32,1851.5345126891334,6.623633853,871.88733942,0.241
6,Qmeay8Jy7nMfi7i4ykeEg7qRS5Ba4NpwSH2aQTxXmjCrbL,Trace Labs Node 19,TLNODE_19,Trace Labs,2023-07-09T00:00:00.000Z,51156.279854474,96,21,19.175390625,2010.2222957433833,5.443414437,1156.279850137,0.12
70,QmT9GStkoa2zAGmrjh94XvMWTMSzmp5NKgCwS6vev5pHer,LuKu,LuKu,Alliance,2023-07-09T00:00:00.000Z,51751.643682703,112,43,23.409140625,2736.5081161991,5.823415794,1751.643682267,0.24
83,QmNRfsnE4Ea9rGkYkgnprre2Us4Dz4G85QKUi3V5iRBPsY,2961b8f91e1726913d12a4d8a093bec7da649632132d1bf71eabad0ad22d8c86,GLD,Solo,2023-07-09T00:00:00.000Z,55340.775483745,75,30,15.866484375,709.05728125,3.855555553,340.775483558,0.2
75,QmY2mcLSswmrcqmjFCSEwTYTeMH8tZVeRvCzZBhAUrLr85,kitty02,kit02,Alliance,2023-07-09T00:00:00.000Z,63869.830469105,157,74,33.2034375,2695.459775379167,8.925759541,1369.83046878,0.297243174
55,QmS7qKhwkGUPj4HtETibDmSSgu5FsNbKxtWYrnLGEghqK5,Hotnode1,Hotnode1,Alliance,2023-07-09T00:00:00.000Z,52783.030298808,216,79,44.93765625,4751.816269319584,27.742402621,2742.829905823,0.24
86,Qmb44HMCYoQPkNfxxVE6rDtYv3uoKZJkp52cpfQi72BXqD,Sinaloa2,SNL2,Solo,2023-07-09T00:00:00.000Z,53164.117943888,34,34,8.54296875,713.713578125,1.738216144,164.11794388,0.24
42,QmX4HRTqVpPVui5sLHVaxBdu4TXq92xc9jiJftmSd9FcjC,Branimir Rakic X,BRX,Alliance,2023-07-09T00:00:00.000Z,74394.703133916,78,21,15.9796875,3492.3222500389834,0.0,1894.606944734,0.24
25,QmRiWNNEc9WQAfjX7tM2sdsunbKJTiywWdsYGw6W8Uo1Q1,Trace Labs Node 15,TLNODE_15,Trace Labs,2023-07-09T00:00:00.000Z,52862.8999695,205,65,42.41765625,4179.922980377984,19.2184901,2862.656155204,0.11
16,QmdS3NwRXqmHpy6yzZ9k49Sau8Eb67zah1CKZ7nNpLMHoD,Trace Labs Node 8,TLNODE_8,Trace Labs,2023-07-09T00:00:00.000Z,50775.578605212,112,45,24.200859375,1381.0935265398334,1.48629399,775.578604365,0.11
47,QmSdi4m5SBfPU8VcTB3dB2i1HWAV6G4VdPQgo7K8xEqFWU,Hotnode6,Hotnode6,Alliance,2023-07-09T00:00:00.000Z,58580.470914168,88,40,19.056328125,1687.6948497058168,26.130530923,980.470912361,0.24
89,QmRHFJSMg6soz7PKegG4WW9mZxBns8FXNqEGkHE9UanPfm,SHIFT05,ST05,Alliance,2023-07-09T00:00:00.000Z,53499.816005112,30,30,7.4146875,518.98165625,4.803146697,214.816005002,0.24
17,QmbUXe8cNfvtUumZr1CZEibGmYHu5kBjhu5Xwm3PeGsjXY,Trace Labs Node 9,TLNODE_9,Trace Labs,2023-07-09T00:00:00.000Z,50597.220120527,58,24,12.470625,900.4371842578166,5.923858188,597.220119592,0.12
98,QmWnnXzeuePCiS89PWsk6aRLGDZUA7tQLpV9pfUimodtBQ,4165341117b199642bc9cf8fe8e9ef7246d017dead863ad7d34abf88958b09ba,GAP,Solo,2023-07-09T00:00:00.000Z,50913.720873849,56,56,14.49703125,1256.39015625,6.885394959,413.720873633,0.24
88,QmT1sYXxgfnuN43Uu9DFkanJSUCB6WkWS3H4eUb4bRGNAK,SHIFT04,ST04,Alliance,2023-07-09T00:00:00.000Z,53462.88992842,28,28,6.862265625,459.207421875,1.219010416,177.889928333,0.24
29,QmTEisCvd7eYiANqVGvHd6RGpQ3ru1pd77Qxnn97PZP3i5,Trace Labs Node 28,TLNODE_28,Trace Labs,2023-07-09T00:00:00.000Z,51592.166165765,78,26,16.182421875,2081.1812652865333,8.999380961,1591.934748974,0.12
99,QmYnZYqsuzA4Pr21YeDtQSouDvr4nT5wshnSdaa6A3uvG8,SOON,EMP,Alliance,2023-07-09T00:00:00.000Z,50055.829863823,23,23,5.892421875,304.391015625,3.719021264,55.82986378,0.24
38,QmV9WL9J8FEUEZznaCTK1mZuKkjP3CkRt3979fVZHbXVvm,Branimir Rakic X86,BRX86,Alliance,2023-07-09T00:00:00.000Z,75691.709079872,41,16,8.556796875,1266.5960820759833,0.0,691.624188131,0.24
2,QmZFcns6eGUosD96beHyevKu1jGJ1bA56Reg2f1J4q59Jt,Trace Labs Node 0,TLNODE_0,Trace Labs,2023-07-09T00:00:00.000Z,0.0,0,0,0.0,0.01710205066666667,0.0,0.017056506,0.00375
92,QmUB5Pb2UUyeH9AYhJpyxpGF7yNzW98ujJsVkoSgAy3ScG,PEMA01,PEMA01,Alliance,2023-07-09T00:00:00.000Z,50158.617793328,26,26,6.531796875,321.51375,1.245138888,158.617793237,0.24
94,QmWXFBUi5EBPpUYXS8Chswymgct14DugGQABzt32m3Ly4p,Kanos,KAN,Alliance,2023-07-09T00:00:00.000Z,50230.071633515,43,43,10.92421875,648.9940625,4.884049475,230.071633389,0.24
10,QmXkL415jBmkuzi183ALtmCsdEfm3XiUNxLdqKwuUjwCtx,Trace Labs Node 6,TLNODE_6,Trace Labs,2023-07-09T00:00:00.000Z,51088.967472428,60,0,11.132578125,1394.1117952955333,3.059068462,1088.96746832,0.13
37,Qme8odkEfiHHNp2Pa4qkUJiWsqsH8nVrrcohNNN4HhYpkJ,COGE_TRAC,COGE,Solo,2023-07-09T00:00:00.000Z,53181.693776078,54,21,11.43984375,1667.86943966965,10.04726557,1181.59683499,0.24
5,QmUUdsHQmRfCPXdd84j3JQCFoJHVGmY3847kCkKSq6n7RN,Trace Labs Node 5,TLNODE_5,Trace Labs,2023-07-09T00:00:00.000Z,50726.692450233,57,19,11.689921875,1256.9936601805832,7.340037026,726.692447485,0.118
36,QmVY4xRwJVV4w5BESrpRW8s6Xv15j9n1ZFBw2TSes18aMv,Kitty,Kit,Alliance,2023-07-09T00:00:00.000Z,63917.507791834,93,18,18.280078125,2741.42856159925,15.228573646,1916.507786813,0.32
41,Qmaa96tesPwJCBjnhJgPBfpFg4HKvU2BLE2ao4g2bg9hVT,Branimir Rakic X88,BRX88,Alliance,2023-07-09T00:00:00.000Z,76468.867638347,76,33,17.147578125,2165.5450055679335,16.597222005,1468.586270215,0.24
14,QmZceSUg7vVEXqcHnQbKMihZ4Kn5etLXbHb5wSzT8R4J1K,Trace Labs Node 29,TLNODE_29,Trace Labs,2023-07-09T00:00:00.000Z,50737.796816672,65,26,14.47078125,1150.6997917167166,7.909045108,737.7968133,0.11
110,QmbBn8L27ewqEA3V2mYqUqTwWq1Zk9jKXJst9meALVNXki,SPARK6,PWD6,Solo,2023-07-09T00:00:00.000Z,50028.150678168,34,34,8.4234375,369.034921875,5.232486976,28.15067815,0.24
51,QmcmsZ76Yrm3sf6jZx7SX83W3CnWwadfYQ6YerefWAZuuH,drMurlly-DKGv6-1,DKGv6-1,Alliance,2023-07-09T00:00:00.000Z,50043.278184273,79,28,16.58578125,1380.6045695116168,9.106665952,793.278183492,0.24
52,QmWV8WbhuXj22tbWKc9pnfPaCAdWKRZpMDnpAKxfpCXM2R,drMurlly-DKGv6-2,DKGv6-2,Alliance,2023-07-09T00:00:00.000Z,50037.406799213,54,21,11.43984375,1619.9593154027334,8.730480316,1087.273973793,0.24
118,QmPtxryUf9L9xLkTkSMZaTdUjCjX2XAUgzGkZtYpnsVfgN,dkg_node_4_token,dkg_node_4,Solo,2023-07-09T00:00:00.000Z,400000.0,0,0,0.0,18.153046875,0.0,0.0,0.005
3,QmQHeX9fHNjdBZxHVtuUQDdQDQ2XnvxaxdG7Y5fgiBimLQ,Trace Labs Node 3,TLNODE_3,Trace Labs,2023-07-09T00:00:00.000Z,51889.386003254,178,62,36.636328125,3097.7462937165333,13.006898015,1889.386000437,0.128
56,QmZFfAiUKFSUUg5eYR1qzXia67LYjm64pdbR9buRTdyd8N,Hotnode2,Hotnode2,Alliance,2023-07-09T00:00:00.000Z,51690.575244724,166,61,34.318359375,3040.45704097925,13.969314371,1647.575243948,0.24
46,QmbQeQsPytKnBVbRJsLosGZGPXcUaBMbgfeB6rKbiBDxGc,Hotnode5,Hotnode5,Alliance,2023-07-09T00:00:00.000Z,58945.673927232,97,29,20.555625,2325.8853441326,11.754093618,1345.673925901,0.24
30,QmcB3BHQhUzRmLNzo2rAZGjLPFHUTeGhFLji9AgeZfeQWs,Trace Labs Node 13,TLNODE_13,Trace Labs,2023-07-09T00:00:00.000Z,53278.066339458,184,70,38.479453125,4516.118803069983,20.005505284,3277.965746444,0.1
7,QmaSu1NT7R5XYSqvYHwxPmaPBYzKMyBfEViXtBsJg9YWae,Trace Labs Node 7,TLNODE_7,Trace Labs,2023-07-09T00:00:00.000Z,51253.254277617,111,32,23.3090625,1683.6966918403666,8.939292082,1253.254276836,0.115
111,QmXWrYF6yBfFudYzRx272jMNKbnSD2gsxJXBDCMSBdZuK8,SPARK2,PWD2,Solo,2023-07-09T00:00:00.000Z,50032.360533311,31,31,7.7709375,407.3053125,6.55782877,32.360533288,0.24
71,Qmcq6oVUF64DY8h9SWJkpXugExULwrmnyoySQjQ27sRjkt,drMurlly-DKGv6-3,DKGv6-3,Alliance,2023-07-09T00:00:00.000Z,0.0,0,0,0.0,532.144589841,0.0,0.0,0.24
102,Qmcj2eQrYT2FQeXXKVHkmGPxkJisGUx3ZTK9vnw8Q1qskT,drMurlly-DKGv6-5,DKGv6-5,Alliance,2023-07-08T00:00:00.000Z,50014.512849934,55,55,13.37203125,529.138359375,4.683376733,44.512849903,0.24
48,QmXV8HvaDmb59ZXeeLKjQCUKf9WTNyAWFPq7N7YBBGercj,Hotnode8,Hotnode8,Alliance,2023-07-08T00:00:00.000Z,60797.805665399,110,43,23.227734375,3395.6115001083167,14.385232324,2611.675400863,0.24
76,QmZs1JecPip98cznh621wdhByLFPQuEfQPM5RoEfVp5EzY,CoachPA Node 4,COACH4,Solo,2023-07-08T00:00:00.000Z,51147.126803784,59,27,12.678515625,549.1722988244167,2.778949651,147.126803718,0.24
49,QmWPGrwxjcFP8MAuS8PGPxWabtQR9kcXnyDpXrUULpnucd,Hotnode7,Hotnode7,Alliance,2023-07-08T00:00:00.000Z,59331.767392307,83,35,17.508046875,2482.6110835920667,17.125466494,1731.523265362,0.24
87,QmSmkRKYw171oGV4iPJxd6MDSrnLu7AiKjsawz5hVDpZxt,SHIFT03,ST03,Alliance,2023-07-08T00:00:00.000Z,53658.144055377,31,31,7.738828125,619.42921875,0.2,373.144055201,0.24
25,QmRiWNNEc9WQAfjX7tM2sdsunbKJTiywWdsYGw6W8Uo1Q1,Trace Labs Node 15,TLNODE_15,Trace Labs,2023-07-08T00:00:00.000Z,52843.681479369,214,72,44.44640625,4137.505324127983,15.437206143,2843.437665104,0.11
103,QmYUQxkU1ZLXi95EPTUMWwVdkuFcpLSdeM1R4aD6C6MXDH,LIT,LIT,Solo,2023-07-08T00:00:00.000Z,50035.391189236,39,39,9.4415625,488.19703125,3.592513018,35.391189205,0.22
3,QmQHeX9fHNjdBZxHVtuUQDdQDQ2XnvxaxdG7Y5fgiBimLQ,Trace Labs Node 3,TLNODE_3,Trace Labs,2023-07-08T00:00:00.000Z,51876.379105223,157,61,32.81953125,3061.109965591533,10.393296715,1876.379102422,0.128
121,Qmb49PRCUmotz15MSyhUWuwzBg2ENtqDiUTb695HmfmvVD,OTLee,OTL,Alliance,2023-07-08T00:00:00.000Z,300000.0,0,0,0.0,0.0,0.0,0.0,0.24
69,Qmb3yiWrE9J7twAMZkEFvgNoJwEykuvfC2uBjTNPcmCHfc,DKG Warrior 1,DKGWAR1,Alliance,2023-07-08T00:00:00.000Z,54127.900213909,64,24,13.327265625,878.03656834675,1.038888888,527.90021382,0.24
77,QmQSmxjJL38oT6D8UHoyJzg9zhFmUtteH1uepFUZVUPKgD,Amado1,Amado1,Alliance,2023-07-08T00:00:00.000Z,52865.759969344,135,55,28.275234375,1025.5897578043334,6.401367182,365.759969142,0.24
97,QmV7yVitPPfGm6AqkiLWQLHpv47KuBmtnswRGW4yunAHZB,PEMA03,PEMA03,Solo,2023-07-08T00:00:00.000Z,50274.105892326,34,34,8.16,425.356875,0.0,274.105892153,0.17
40,QmRWR3W32A1eiqW7nWwcPxPbmK68VzXpyPrS7rpcjrY7SV,Branimir Rakic X87,BRX87,Alliance,2023-07-08T00:00:00.000Z,76992.193004627,111,35,23.041640625,2871.201519365017,7.709438118,1991.843659161,0.24
57,QmeERxvJvfsgvSoRyW8pNjQf1a1ebms9hnUUXHmvH3eQnm,Hotnode3,Hotnode3,Alliance,2023-07-08T00:00:00.000Z,67209.070803953,89,27,18.073359375,3149.8468124770834,21.02031696,2209.070803061,0.24
117,QmdSpXBSLic3C4oJK6HpJ6qzEY4Ni1mH8MVDdzUVeT3Kxv,dkg_node_3_token,dkg_node_3,Solo,2023-07-08T00:00:00.000Z,400000.0,80,80,19.3875,345.156796875,0.0,0.0,0.001
68,QmNz2N82FAKBDKHEBSi32NxikbPewsUqkMDdVxZmkZiZka,CoachPA Node 3,COACH3,Solo,2023-07-08T00:00:00.000Z,52185.314287721,22,7,4.475625,1384.5362402333333,1.522222221,1185.314287673,0.24
6,Qmeay8Jy7nMfi7i4ykeEg7qRS5Ba4NpwSH2aQTxXmjCrbL,Trace Labs Node 19,TLNODE_19,Trace Labs,2023-07-08T00:00:00.000Z,51150.836440032,121,32,24.410625,1991.0469051183834,4.798953746,1150.8364357,0.12
43,QmdddUvKwcoq7FTmjoWqZxKiBE4izexcJ9jwzTHrNFUpVz,Branimir Rakic X89,BRX89,Alliance,2023-07-08T00:00:00.000Z,76886.00109178,172,56,35.2359375,3377.2545536521,34.249589199,1886.001090651,0.24
89,QmRHFJSMg6soz7PKegG4WW9mZxBns8FXNqEGkHE9UanPfm,SHIFT05,ST05,Alliance,2023-07-08T00:00:00.000Z,53495.012858411,34,34,8.16,511.56696875,2.795176865,210.012858305,0.24
8,QmYCCXqCe5LHHi9ZxZTw1xTcYXZ47cwk8LmTRAcqWW53e1,Trace Labs Node 21,TLNODE_21,Trace Labs,2023-07-08T00:00:00.000Z,52748.291724217,119,52,25.722890625,4024.635861829683,12.903896239,2658.291718879,0.1
109,QmdGgJWhw46SDPuGh8DQKoDYRGqC5QPWVGuatn1ggqrCar,SPARK5,PWD5,Solo,2023-07-08T00:00:00.000Z,50037.608116319,51,51,12.98671875,630.6909375,3.644444442,37.608116289,0.24
39,QmesuY31BVZEfCYzfEf2mx6KSkyEvwtCk3rV5ho3SPfRYJ,carbontracker,ct-otp,Solo,2023-07-08T00:00:00.000Z,0.0,0,0,0.0,0.0,0.0,0.0,0.002
88,QmT1sYXxgfnuN43Uu9DFkanJSUCB6WkWS3H4eUb4bRGNAK,SHIFT04,ST04,Alliance,2023-07-08T00:00:00.000Z,53461.670918003,32,32,7.753359375,452.34515625,1.769444443,176.670917917,0.24
45,QmPVxRU4EyJ2R4FqtCTXKbkVZVQNdSBwmvN2b767zHme3b,Hotnode4,Hotnode4,Alliance,2023-07-08T00:00:00.000Z,60729.20046822,155,69,33.364921875,4223.0788229734835,15.07744598,3128.943543146,0.24
98,QmWnnXzeuePCiS89PWsk6aRLGDZUA7tQLpV9pfUimodtBQ,4165341117b199642bc9cf8fe8e9ef7246d017dead863ad7d34abf88958b09ba,GAP,Solo,2023-07-08T00:00:00.000Z,50906.835478884,60,60,14.89734375,1241.893125,7.478602425,406.835478674,0.24
44,QmSjLxW54uyPTKtJ3LZcNCmjZReKA2PyieHuuGKkkhA5vT,kCosmi,kCC,Alliance,2023-07-08T00:00:00.000Z,102577.709441265,211,75,43.83375,3922.617750904267,20.504735309,2606.7094377,0.24
38,QmV9WL9J8FEUEZznaCTK1mZuKkjP3CkRt3979fVZHbXVvm,Branimir Rakic X86,BRX86,Alliance,2023-07-08T00:00:00.000Z,75691.709079872,32,14,6.87515625,1258.0392852009834,0.0,691.624188131,0.24
116,QmcZHDH5XnrifFUA2FhBWmjsgQFwqibvXqHMQTB9VKNG3y,dkgnode2,DKGN2,Solo,2023-07-08T00:00:00.000Z,400000.0,88,88,21.62484375,559.508671875,0.0,0.0,1e-05
83,QmNRfsnE4Ea9rGkYkgnprre2Us4Dz4G85QKUi3V5iRBPsY,2961b8f91e1726913d12a4d8a093bec7da649632132d1bf71eabad0ad22d8c86,GLD,Solo,2023-07-08T00:00:00.000Z,55336.91992819,71,18,14.266171875,693.190796875,6.591691076,336.919928005,0.2
52,QmWV8WbhuXj22tbWKc9pnfPaCAdWKRZpMDnpAKxfpCXM2R,drMurlly-DKGv6-2,DKGv6-2,Alliance,2023-07-08T00:00:00.000Z,50028.676318886,63,25,13.537734375,1608.5194716527333,5.618599734,1078.543493477,0.24
96,Qmf4h7WE79aqjRsE9iA4KnHwDHqySJtuDXir2Gf6FCaT1w,BID,BID,Solo,2023-07-08T00:00:00.000Z,51590.64732763,83,83,20.60625,884.0109375,4.704182939,590.647327243,0.2
93,QmcSxJE8nZmRZufLoJF78jcUTsa1pe54U2XXRHamGBxT4N,PEMA02,PEMA02,Solo,2023-07-08T00:00:00.000Z,50209.23830712,55,55,13.473046875,535.7719433592,2.32597656,209.238307016,0.17
7,QmaSu1NT7R5XYSqvYHwxPmaPBYzKMyBfEViXtBsJg9YWae,Trace Labs Node 7,TLNODE_7,Trace Labs,2023-07-08T00:00:00.000Z,51244.314985521,117,33,23.808984375,1660.3876293403666,8.682454492,1244.314984754,0.115
115,QmW4nmy8bvTNSUkBaHFwdBx37BbZPAcwHX5ZYKFNqjU6Qz,dkgnode1,DKGN1,Solo,2023-07-08T00:00:00.000Z,300000.0,104,104,26.25375,601.1691093749333,0.0,0.0,0.0001
81,QmNrKvfW4Mw6bgzkVr55bLyMNDLhe4qKaXz58Yfpa2CDYY,drMurlly-DKGv6-4,DKGv6-4,Alliance,2023-07-08T00:00:00.000Z,50016.223368541,51,23,10.815703125,770.1852246045,3.255514863,506.22336834,0.24
46,QmbQeQsPytKnBVbRJsLosGZGPXcUaBMbgfeB6rKbiBDxGc,Hotnode5,Hotnode5,Alliance,2023-07-08T00:00:00.000Z,58933.919833594,85,18,16.7925,2305.3297191326,12.445459603,1333.919832283,0.24
91,QmaM3ubEDegc8uRb7kDnFp2M1Y2A86PBDdXEMy5qBRVWnf,SHIFT07,ST07,Alliance,2023-07-08T00:00:00.000Z,53514.708308723,66,66,16.0340625,812.67046875,5.249717878,229.708308599,0.24
60,QmNd7jyRjY8QXmPFE3M9q37vp93iAT35wbQVewytrNVJa2,Blockchain22Networks-1,B22N-1,Solo,2023-07-08T00:00:00.000Z,52410.263705824,39,39,9.36,1841.2145126891332,5.173704982,865.263705567,0.241
61,QmVCzVXqPXFgfdN7FXsQCqC2PYf8u8pWHL7MX9EVuLMsMH,COGE_TRAC03,COGET03,Solo,2023-07-08T00:00:00.000Z,53046.563358602,54,15,10.8890625,1229.02299214275,9.689173514,623.563358009,0.24
28,QmPMNPPsr4iyoTEPwKiWUfwHQEDSDL4Fbf457k8deg1zxr,Trace Labs Node 2,TLNODE_2,Trace Labs,2023-07-08T00:00:00.000Z,50480.307841737,54,21,11.42765625,950.8138187356667,7.555350103,480.307840538,0.176
15,QmNkmydWxHqj9voSjWkcVewefrDxEuwfyBkbGkwh4oZuWY,Trace Labs Node 11,TLNODE_11,Trace Labs,2023-07-08T00:00:00.000Z,50645.140186745,33,13,6.836484375,895.2894362257666,2.498084733,645.140186001,0.114
105,QmQrD9YyhJY1oZ35fJ8CRo3VM8t5ABQrjS2R23Abg33KJJ,Two Ravens E&C,TWRVN,Solo,2023-07-08T00:00:00.000Z,52313.251555555,23,23,5.67609375,182.513765625,0.8,8.120555549,0.002
29,QmTEisCvd7eYiANqVGvHd6RGpQ3ru1pd77Qxnn97PZP3i5,Trace Labs Node 28,TLNODE_28,Trace Labs,2023-07-08T00:00:00.000Z,51583.166784794,72,27,15.25078125,2064.9988434115335,8.151948284,1582.935368013,0.12
84,QmTjs8wGS297NsQ9B3D42E11dUWAR8P3XsikvuKkJy8qFD,Sinoloa1,SNL1,Solo,2023-07-08T00:00:00.000Z,53297.369855571,57,57,14.008359375,854.4420625,6.213888885,297.369855463,0.24
99,QmYnZYqsuzA4Pr21YeDtQSouDvr4nT5wshnSdaa6A3uvG8,SOON,EMP,Alliance,2023-07-08T00:00:00.000Z,50052.110842556,16,16,3.905625,298.49859375,2.064887151,52.110842516,0.24
1,QmemqyXyvrTAm7PwrcTcFiEEFx69efdR92GSZ1oQprbdja,Trace Labs Node 1,TLNODE_1,Trace Labs,2023-07-08T00:00:00.000Z,0.0,0,0,0.0,0.0,0.0,0.0,0.00375
42,QmX4HRTqVpPVui5sLHVaxBdu4TXq92xc9jiJftmSd9FcjC,Branimir Rakic X,BRX,Alliance,2023-07-08T00:00:00.000Z,74394.703133916,87,27,17.900859375,3476.342562538983,0.0,1894.606944734,0.24
53,QmYTjVNYTPFMiRhnfyLBKMzfYBTdbktTSMh1ZKpzvZu1sj,TRAC02,TRAC02,Solo,2023-07-08T00:00:00.000Z,53086.030640645,47,12,9.3909375,1845.7389465090166,8.557366452,1085.936515183,0.24
66,QmcgCVvM6R7YBU78S5B7DjRhwBsMeV4TAdDyRhDT3Sdr9S,(NLD)OT Node,DANS,Solo,2023-07-08T00:00:00.000Z,0.0,0,0,0.0,0.0,0.0,0.0,0.24
64,QmZinr9WnYbygsJvWP4tWznMEWhUzoqoiDaHKYMzP1oqma,Trini Zone,Trini,Alliance,2023-07-08T00:00:00.000Z,51321.533107324,105,41,21.98765625,1923.636494136,3.39298487,1321.533107112,0.24
114,QmaUMsMLhMwC21L9qcPu9VBNpYAuEnGTNUK2tPwRge4XH9,SDUINODE,SDUI,Solo,2023-07-08T00:00:00.000Z,59000.0,0,0,0.0,0.46,0.0,0.0,0.24
94,QmWXFBUi5EBPpUYXS8Chswymgct14DugGQABzt32m3Ly4p,Kanos,KAN,Alliance,2023-07-08T00:00:00.000Z,50225.187584036,30,30,7.310625,638.06984375,3.152823891,225.187583914,0.24
23,QmZ7xMtgJ1vBey5ifvD6yFsxH4VmSQVwtKrX8zNuZ2uiKb,Trace Labs Node 30,TLNODE_30,Trace Labs,2023-07-08T00:00:00.000Z,53341.927343371,167,60,35.051015625,4251.499039256683,14.922725132,3341.700311881,0.1
71,Qmcq6oVUF64DY8h9SWJkpXugExULwrmnyoySQjQ27sRjkt,drMurlly-DKGv6-3,DKGv6-3,Alliance,2023-07-08T00:00:00.000Z,0.0,0,0,0.0,532.144589841,0.0,0.0,0.24
95,QmYFJVZRqxoF93LtWPuZYr5ADBVzkkN9bQ52pYxtt46JvU,Kwalla,KWLA,Solo,2023-07-08T00:00:00.000Z,50000.0,35,35,8.4,271.06,0.0,0.0,0.29
86,Qmb44HMCYoQPkNfxxVE6rDtYv3uoKZJkp52cpfQi72BXqD,Sinaloa2,SNL2,Solo,2023-07-08T00:00:00.000Z,53162.379727743,56,56,13.8103125,705.170609375,2.488888887,162.379727736,0.24
92,QmUB5Pb2UUyeH9AYhJpyxpGF7yNzW98ujJsVkoSgAy3ScG,PEMA01,PEMA01,Alliance,2023-07-08T00:00:00.000Z,50157.37265444,38,38,9.234609375,314.981953125,1.602777777,157.372654349,0.24
55,QmS7qKhwkGUPj4HtETibDmSSgu5FsNbKxtWYrnLGEghqK5,Hotnode1,Hotnode1,Alliance,2023-07-08T00:00:00.000Z,52755.287896127,218,91,46.20140625,4706.8786130695835,28.809508078,2715.087503202,0.24
24,Qmetd2wyq6yTqYcUG7DiUSiJmSPVVqtg6ZyeKa7Gastf1k,Trace Labs Node 25,TLNODE_25,Trace Labs,2023-07-08T00:00:00.000Z,51022.325990505,55,18,11.383359375,1420.8077663608167,6.64402734,1022.081232473,0.11
18,QmZSFcfQ9DesB4ZjkT3qJ3VyCYDLFRYbC5U1VyVPN47dwE,Trace Labs Node 22,TLNODE_22,Trace Labs,2023-07-08T00:00:00.000Z,53900.544568861,189,48,38.062265625,4601.6602124039,19.726497558,3900.449312707,0.09
113,QmSKeBQHJDgKyCbUZW3Mbtt75vsW64n3MnY8cMom5eSPjq,kooltek68,kooltek68,Solo,2023-07-08T00:00:00.000Z,55550.0,42,42,10.182890625,425.5940625,0.0,0.0,0.24
14,QmZceSUg7vVEXqcHnQbKMihZ4Kn5etLXbHb5wSzT8R4J1K,Trace Labs Node 29,TLNODE_29,Trace Labs,2023-07-08T00:00:00.000Z,50729.88777154,63,16,12.67640625,1136.2290104667168,6.213777544,729.887768192,0.11
111,QmXWrYF6yBfFudYzRx272jMNKbnSD2gsxJXBDCMSBdZuK8,SPARK2,PWD2,Solo,2023-07-08T00:00:00.000Z,50025.802704535,26,26,6.2484375,399.534375,2.953624131,25.802704518,0.24
37,Qme8odkEfiHHNp2Pa4qkUJiWsqsH8nVrrcohNNN4HhYpkJ,COGE_TRAC,COGE,Solo,2023-07-08T00:00:00.000Z,53171.646510495,63,25,13.537734375,1656.42959591965,6.768669189,1171.54956942,0.24
108,QmancZ6c2zGCpujhhSLHrg9naAY8BwAGSJVPgRUMfG4AxE,SPARK4,PWD4,Solo,2023-07-08T00:00:00.000Z,50016.783626302,55,55,13.329609375,469.085390625,2.688888887,16.783626288,0.24
78,QmUSHCxxisiGipuMNqigcU64YgwiTjU9nTnvZkPPtWGeBy,Amado3,Amado3,Alliance,2023-07-08T00:00:00.000Z,52901.937722579,115,37,23.4703125,886.1150253809334,3.515386282,401.937722401,0.24
12,QmaVYtFZcraSnVMpzHhdxHXZHb6juXAQWZ5taShWHWQSUh,Trace Labs Node 27,TLNODE_27,Trace Labs,2023-07-08T00:00:00.000Z,51650.146994551,115,32,23.4,2296.5111434702335,16.263564026,1650.146990386,0.11
27,QmQwA2Hz8zNchVjGX4TWvqySCP5cbkLLVjUSvRsCHhQ4SB,Trace Labs Node 10,TLNODE_10,Trace Labs,2023-07-08T00:00:00.000Z,52523.957983413,98,34,20.300625,3094.2933696729,10.996738271,2523.85778507,0.11
79,QmNqdyK4dAZg97Dy8XRZ8VAUppLJeBJdpdkUq1u8iowuUS,Amado2,Amado2,Alliance,2023-07-08T00:00:00.000Z,52690.270992855,55,23,11.6240625,526.0493066405,3.865619571,190.270992804,0.24
4,Qmbt6JkNzKhtxJz4CyBCisjbrz39qb1ziWX9kzez6dFkG9,Trace Labs Node 4,TLNODE_4,Trace Labs,2023-07-08T00:00:00.000Z,50251.652225272,11,11,2.666484375,422.99406710106666,5.385443788,251.652221469,0.135
65,QmP19HNvJJi5VuvkP5tpgHLmFvSrpHat5NVZxq7TEbafEH,CoachPA Node 1,COACH,Solo,2023-07-08T00:00:00.000Z,52086.939495868,79,30,16.871484375,1899.7942656203334,4.550775073,1086.939495762,0.24
80,QmPx8gKqABFQuzYTHD7Ka9uvbFvmg7hfezU8BYcUahvVUC,Amado4,Amado4,Alliance,2023-07-08T00:00:00.000Z,52838.648274678,106,20,20.802890625,795.6416308534167,2.816666665,338.648274532,0.24
13,QmdxdGWjRqtE2wdoaoWQFMqrUPrsnFoLJ3QcCFDJ3fPtTt,Trace Labs Node 20,TLNODE_20,Trace Labs,2023-07-08T00:00:00.000Z,50849.015082698,59,24,12.392109375,1286.8280227023668,7.261521887,849.015079607,0.11
21,QmPptt8g1bdJbPic8bZPUY3TqGdDPuJC8jtY5pjR3Gkqan,Trace Labs Node 31,TLNODE_31,Trace Labs,2023-07-08T00:00:00.000Z,52697.857314335,98,42,20.77921875,2704.4125733523,5.991173951,2697.857309105,0.1
30,QmcB3BHQhUzRmLNzo2rAZGjLPFHUTeGhFLji9AgeZfeQWs,Trace Labs Node 13,TLNODE_13,Trace Labs,2023-07-08T00:00:00.000Z,53258.060834129,193,76,40.628671875,4477.639349944983,21.190405395,3257.96024116,0.1
19,QmUNnGWcQgeat54n3DpLRMHSHpvcGDhjnL2wdEWBno9eEC,Trace Labs Node 26,TLNODE_26,Trace Labs,2023-07-08T00:00:00.000Z,51006.550182941,137,49,28.1971875,1621.7391820588334,2.691666664,1006.550179404,0.12
82,QmeoBNoPq4oyRhJrufF6mPkVA7sKX9keYEwLMFbNUfqyY5,SHIFT01,ST01,Alliance,2023-07-08T00:00:00.000Z,53666.446990924,65,21,13.481953125,625.37296875,1.975482855,381.446990776,0.24
11,QmeaeLpQENK5eHHMF6Kt5iqeFtqADV8vUzcp3jYeSghCQy,Trace Labs Node 18,TLNODE_18,Trace Labs,2023-07-08T00:00:00.000Z,50867.789381977,53,17,10.90921875,1244.5044443534166,8.540199239,867.789379002,0.1
90,QmW9RZBE7gdsLVa7hhzjik48yz8zDjaBJH3ih3QpBVSEGv,SHIFT06,ST06,Alliance,2023-07-08T00:00:00.000Z,53309.157489691,34,34,8.303671875,557.9253125,3.224587672,24.157489673,0.24
9,QmVWyGofF7fAiKXyAQyyAKg9YEre7xvggMwqjCz1u4vJ7Y,Trace Labs Node 17,TLNODE_17,Trace Labs,2023-07-08T00:00:00.000Z,53711.329751935,270,94,56.229375,5348.255335065133,28.490856351,3711.32974712,0.114
22,QmSHNjGfzapQL6sNrZTSCL6NCDsjH8i65BGqSjmJ4ZDu9T,Trace Labs Node 24,TLNODE_24,Trace Labs,2023-07-08T00:00:00.000Z,51663.189010602,116,37,23.806640625,2251.437590031833,12.113253706,1663.189007031,0.11
110,QmbBn8L27ewqEA3V2mYqUqTwWq1Zk9jKXJst9meALVNXki,SPARK6,PWD6,Solo,2023-07-08T00:00:00.000Z,50022.918191189,32,32,7.919765625,360.611484375,2.064322915,22.918191174,0.24
101,QmdosmTKejBAhyXzqmideFKUyXMiucLXWRZvFST9mk8b37,drMurlly-DKGv6-3b,DKGv6-3b,Alliance,2023-07-08T00:00:00.000Z,50034.493869357,75,75,18.880546875,793.6003125,7.39533962,54.493869316,0.24
72,QmNtxNx8qx83bbApzc8bz48dFETSf4m1XwnZ7eo7q6MssG,Stunt,STN,Solo,2023-07-08T00:00:00.000Z,52238.304729705,141,56,29.539453125,2298.095414052333,3.291425237,1238.304729587,0.24
17,QmbUXe8cNfvtUumZr1CZEibGmYHu5kBjhu5Xwm3PeGsjXY,Trace Labs Node 9,TLNODE_9,Trace Labs,2023-07-08T00:00:00.000Z,50591.296262325,57,21,12.220546875,887.9665592578167,4.650564933,591.296261404,0.12
120,QmZYtjVipLma2AhHbjPRia9PJDe9vX7ezgTxNSFrSkWTKb,BioOne,TRAC,Solo,2023-07-08T00:00:00.000Z,60000.0,61,61,15.04078125,137.85046875,0.0,0.0,0.24
54,QmfGTWRn5pJ3mHZ1iZnviLJe3TFHJMQ5bFZAUr1mnD2Rf5,Weave,WEAV,Solo,2023-07-08T00:00:00.000Z,51376.73584384,73,25,14.91796875,2308.688292906483,16.658785351,1376.640217878,0.24
36,QmVY4xRwJVV4w5BESrpRW8s6Xv15j9n1ZFBw2TSes18aMv,Kitty,Kit,Alliance,2023-07-08T00:00:00.000Z,63902.279218164,106,25,21.0403125,2723.14848347425,15.826162301,1901.279213167,0.32
16,QmdS3NwRXqmHpy6yzZ9k49Sau8Eb67zah1CKZ7nNpLMHoD,Trace Labs Node 8,TLNODE_8,Trace Labs,2023-07-08T00:00:00.000Z,50774.092311219,132,59,28.2253125,1356.8926671648333,2.490155786,774.092310375,0.11
31,QmbaHGQByXY8TvBwx1R2eQLt6XXpKeRAg4kEbR1yDjmVuM,Trace Labs Node 16,TLNODE_16,Trace Labs,2023-07-08T00:00:00.000Z,54059.608252645,272,94,56.598046875,5159.743893409067,29.955902891,4059.608247503,0.12
41,Qmaa96tesPwJCBjnhJgPBfpFg4HKvU2BLE2ao4g2bg9hVT,Branimir Rakic X88,BRX88,Alliance,2023-07-08T00:00:00.000Z,76452.270416312,83,37,17.639296875,2148.3974274429333,18.792230837,1451.98904821,0.24
100,QmTV8KALCUi2dcoAZ3W13foKDvayJFie1VoZTjDLFLUunM,SOON2,EMP2,Alliance,2023-07-08T00:00:00.000Z,50056.501578776,38,38,9.230625,504.815859375,3.228021916,56.501578734,0.24
20,Qmb7eiBwhE6JqEWFXSJ7qxJdHZGEfBcfmSZUr8uAEbvcFg,Trace Labs Node 14,TLNODE_14,Trace Labs,2023-07-08T00:00:00.000Z,53404.066824751,149,61,31.407890625,4084.280805827567,16.036353234,3403.926544116,0.118
58,Qma2UjJmKRkq2ssjPvpsmLFjneSyeDNqpKjuUi158rpfVV,CVIKI,CVI,Alliance,2023-07-08T00:00:00.000Z,51699.265681925,88,37,18.560390625,1772.8392577920833,9.694745645,1199.265681568,0.24
47,QmSdi4m5SBfPU8VcTB3dB2i1HWAV6G4VdPQgo7K8xEqFWU,Hotnode6,Hotnode6,Alliance,2023-07-08T00:00:00.000Z,58554.340383184,60,18,12.53625,1668.6385215808166,17.788512204,954.340381438,0.24
85,QmVR9JM6mzJwwEQ9YkfJg3ZrrQK13jDARRuoykyhyh9Nbc,SHIFT02,ST02,Alliance,2023-07-08T00:00:00.000Z,53628.260034123,28,28,6.823828125,778.3265,4.022222219,343.260033968,0.24
73,QmfNJ6tVMZ9ZPcvFSo73Za2qtXe6Wts1HATwjHgCWuKCoL,JuLen,JLT,Alliance,2023-07-08T00:00:00.000Z,50893.220631006,121,56,26.057109375,1380.1957558539166,5.578255204,793.220630877,0.24
122,Qmb545S4B8aBzkjsUCAxjKiZpuBdgs9PgJUUD6cD4qg3A3,BioTwo,DNA,Alliance,2023-07-08T00:00:00.000Z,60000.0,26,26,6.24,41.506875,0.0,0.0,0.24
2,QmZFcns6eGUosD96beHyevKu1jGJ1bA56Reg2f1J4q59Jt,Trace Labs Node 0,TLNODE_0,Trace Labs,2023-07-08T00:00:00.000Z,0.0,0,0,0.0,0.01710205066666667,0.0,0.017056506,0.00375
56,QmZFfAiUKFSUUg5eYR1qzXia67LYjm64pdbR9buRTdyd8N,Hotnode2,Hotnode2,Alliance,2023-07-08T00:00:00.000Z,51676.60593033,161,61,33.4284375,3006.13868160425,10.217266315,1633.605929577,0.24
75,QmY2mcLSswmrcqmjFCSEwTYTeMH8tZVeRvCzZBhAUrLr85,kitty02,kit02,Alliance,2023-07-08T00:00:00.000Z,63860.904709557,166,44,33.3075,2662.2563378791665,5.304036454,1360.904709239,0.297243174
26,QmVQfYT9c4iaBmiFZsNcQZJJJbDKuodBHUXSexfnwuUnwg,Trace Labs Node 23,TLNODE_23,Trace Labs,2023-07-08T00:00:00.000Z,53607.697693938,107,34,21.887578125,3471.4949269988833,14.303584752,3607.697687375,0.1
74,QmdiEMaxS1w2UT29Gh5XmVB43yLTXGij6w4J4nDCicZhVA,Node Jesus 1,NJ1,Solo,2023-07-08T00:00:00.000Z,50542.615289253,76,33,15.9075,1062.2731035111667,3.17222222,542.615289129,0.24
119,QmQEU9yMiERqaQEXuWohadDeGwkBF1hsVE7AWqCzCJQyHv,dkg_node_5_token,dkg_node_5,Solo,2023-07-08T00:00:00.000Z,300000.0,93,93,22.8046875,387.890625,0.0,0.0,0.01
10,QmXkL415jBmkuzi183ALtmCsdEfm3XiUNxLdqKwuUjwCtx,Trace Labs Node 6,TLNODE_6,Trace Labs,2023-07-08T00:00:00.000Z,51085.90840396,65,0,12.106875,1382.9792171705333,4.548418966,1085.908399858,0.13
59,QmfMb7nuzR12xaVTayNSLJax9LeQEncctZupnKDasKhdEx,Blockchain22Networks,B22N,Solo,2023-07-08T00:00:00.000Z,56898.311214441,54,54,12.96,2733.5969804564834,19.566477871,2222.31121383,0.241
67,QmUNARF8G5xeRC3VkVAANpQWeVgPuMCQUuNcMKzZxare2B,CoachPA Node 2,COACH2,Solo,2023-07-08T00:00:00.000Z,53032.942485993,117,51,24.708515625,3830.3308788858335,6.884081331,2032.942485619,0.24
118,QmPtxryUf9L9xLkTkSMZaTdUjCjX2XAUgzGkZtYpnsVfgN,dkg_node_4_token,dkg_node_4,Solo,2023-07-08T00:00:00.000Z,400000.0,0,0,0.0,18.153046875,0.0,0.0,0.005
104,QmdaU5wBTFSTkPuA2Pmq7Wbqrw4Nr6w8yR64rjbwYpBqL1,SOON3,EMP3,Alliance,2023-07-08T00:00:00.000Z,50029.639274088,38,38,9.2015625,490.8440625,3.679671221,29.639274066,0.24
62,QmTge66HJdzqgML2kWALnHuMCsXCyfRbzr51ite9GFFhvb,TRA©VERSE,KNOW,Alliance,2023-07-08T00:00:00.000Z,51113.127915831,132,59,28.2253125,2081.7187402269165,6.891267927,1113.12791561,0.24
51,QmcmsZ76Yrm3sf6jZx7SX83W3CnWwadfYQ6YerefWAZuuH,drMurlly-DKGv6-1,DKGv6-1,Alliance,2023-07-08T00:00:00.000Z,50034.1715183,64,24,13.327265625,1364.0187882616167,8.223745301,784.17151754,0.24
5,QmUUdsHQmRfCPXdd84j3JQCFoJHVGmY3847kCkKSq6n7RN,Trace Labs Node 5,TLNODE_5,Trace Labs,2023-07-08T00:00:00.000Z,50719.352413184,56,17,11.523515625,1245.3037383055832,6.937008138,719.352410459,0.118
107,QmYUipWZSu6XAGbAw6az5Jg3fL9kRJiSLqsHPVFMagnJbU,SPARK3,PWD3,Solo,2023-07-08T00:00:00.000Z,50033.423744032,53,53,13.397109375,641.835703125,3.619444442,33.423744007,0.24
112,QmQosDTb7acNGdCA87H7AaioHoUwXzyhTJ7syqhCdEzagM,Pull,PUL,Solo,2023-07-08T00:00:00.000Z,50515.661282009,32,32,7.911328125,365.979375,2.336111109,15.661281999,0.22
106,QmXEuMWk67BH2dbvFSyEBRt72Mv3m97EJh89PVz2YmQbwr,SPARK,PWD,Solo,2023-07-08T00:00:00.000Z,50006.908485243,50,50,12.343359375,419.5884375,0.883333333,6.908485239,0.24
32,QmPTT7R3rwKUawLJxEXwcerZfqC2rkYWr2uZiXUo6ftFoS,Trace Labs Node 12,TLNODE_12,Trace Labs,2023-07-08T00:00:00.000Z,53289.846949096,131,57,28.083515625,3650.0159515642667,7.629668665,3289.846942244,0.11
70,QmT9GStkoa2zAGmrjh94XvMWTMSzmp5NKgCwS6vev5pHer,LuKu,LuKu,Alliance,2023-07-08T00:00:00.000Z,51745.820266904,138,57,29.10703125,2713.0989755741,6.513888883,1745.820266473,0.24
74,QmdiEMaxS1w2UT29Gh5XmVB43yLTXGij6w4J4nDCicZhVA,Node Jesus 1,NJ1,Solo,2023-07-07T00:00:00.000Z,50539.443067031,83,33,17.824921875,1046.3656035111667,3.828732636,539.443066909,0.24
14,QmZceSUg7vVEXqcHnQbKMihZ4Kn5etLXbHb5wSzT8R4J1K,Trace Labs Node 29,TLNODE_29,Trace Labs,2023-07-07T00:00:00.000Z,50723.673993977,92,29,13.763935545866667,1123.5526042167166,5.628309667,723.673990648,0.11
103,QmYUQxkU1ZLXi95EPTUMWwVdkuFcpLSdeM1R4aD6C6MXDH,LIT,LIT,Solo,2023-07-07T00:00:00.000Z,50031.798676215,39,39,9.65203125,478.75546875,3.785427513,31.798676187,0.22
19,QmUNnGWcQgeat54n3DpLRMHSHpvcGDhjnL2wdEWBno9eEC,Trace Labs Node 26,TLNODE_26,Trace Labs,2023-07-07T00:00:00.000Z,51003.858516275,195,56,29.4070532206,1593.5419945588333,1.2163621,1003.85851274,0.12
75,QmY2mcLSswmrcqmjFCSEwTYTeMH8tZVeRvCzZBhAUrLr85,kitty02,kit02,Alliance,2023-07-07T00:00:00.000Z,63855.600673098,172,62,35.315859375,2628.9488378791666,5.090549043,1355.600672785,0.297243174
96,Qmf4h7WE79aqjRsE9iA4KnHwDHqySJtuDXir2Gf6FCaT1w,BID,BID,Solo,2023-07-07T00:00:00.000Z,51585.943144687,82,82,20.0728125,863.4046875,5.129557287,585.943144304,0.2
67,QmUNARF8G5xeRC3VkVAANpQWeVgPuMCQUuNcMKzZxare2B,CoachPA Node 2,COACH2,Solo,2023-07-07T00:00:00.000Z,53026.058404657,220,76,46.134609375,3805.6223632608335,7.846158848,2026.058404288,0.24
68,QmNz2N82FAKBDKHEBSi32NxikbPewsUqkMDdVxZmkZiZka,CoachPA Node 3,COACH3,Solo,2023-07-07T00:00:00.000Z,52183.792065499,27,14,5.785078125,1380.0606152333332,0.519444444,1183.792065452,0.24
31,QmbaHGQByXY8TvBwx1R2eQLt6XXpKeRAg4kEbR1yDjmVuM,Trace Labs Node 16,TLNODE_16,Trace Labs,2023-07-07T00:00:00.000Z,54029.652349702,340,88,50.150793453733336,5103.145846534067,20.847529713,4029.652344612,0.12
23,QmZ7xMtgJ1vBey5ifvD6yFsxH4VmSQVwtKrX8zNuZ2uiKb,Trace Labs Node 30,TLNODE_30,Trace Labs,2023-07-07T00:00:00.000Z,53327.004618214,276,66,40.10648437206667,4216.448023631683,17.101276836,3326.777586749,0.1
73,QmfNJ6tVMZ9ZPcvFSo73Za2qtXe6Wts1HATwjHgCWuKCoL,JuLen,JLT,Alliance,2023-07-07T00:00:00.000Z,50887.642375798,96,38,20.12765625,1354.1386464789166,1.402604166,787.642375673,0.24
21,QmPptt8g1bdJbPic8bZPUY3TqGdDPuJC8jtY5pjR3Gkqan,Trace Labs Node 31,TLNODE_31,Trace Labs,2023-07-07T00:00:00.000Z,52691.866140369,96,27,14.115629881933334,2683.6333546023,4.04477265,2691.866135154,0.1
24,Qmetd2wyq6yTqYcUG7DiUSiJmSPVVqtg6ZyeKa7Gastf1k,Trace Labs Node 25,TLNODE_25,Trace Labs,2023-07-07T00:00:00.000Z,51015.681963158,84,17,11.324641112266667,1409.4244069858166,5.492927028,1015.437205133,0.11
112,QmQosDTb7acNGdCA87H7AaioHoUwXzyhTJ7syqhCdEzagM,Pull,PUL,Solo,2023-07-07T00:00:00.000Z,50513.325170898,37,37,9.05484375,358.068046875,2.681263563,13.32517089,0.22
102,Qmcj2eQrYT2FQeXXKVHkmGPxkJisGUx3ZTK9vnw8Q1qskT,drMurlly-DKGv6-5,DKGv6-5,Alliance,2023-07-07T00:00:00.000Z,50009.829473198,44,44,10.712578125,515.766328125,2.68611111,39.82947317,0.24
37,Qme8odkEfiHHNp2Pa4qkUJiWsqsH8nVrrcohNNN4HhYpkJ,COGE_TRAC,COGE,Solo,2023-07-07T00:00:00.000Z,53164.877841295,80,21,12.505290526533333,1642.89186154465,6.623970493,1164.780900231,0.24
86,Qmb44HMCYoQPkNfxxVE6rDtYv3uoKZJkp52cpfQi72BXqD,Sinaloa2,SNL2,Solo,2023-07-07T00:00:00.000Z,53159.890838854,61,61,14.771015625,691.360296875,1.402777777,159.890838849,0.24
60,QmNd7jyRjY8QXmPFE3M9q37vp93iAT35wbQVewytrNVJa2,Blockchain22Networks-1,B22N-1,Solo,2023-07-07T00:00:00.000Z,52405.090000832,44,44,10.56,1831.8545126891333,7.976046891,860.090000585,0.241
18,QmZSFcfQ9DesB4ZjkT3qJ3VyCYDLFRYbC5U1VyVPN47dwE,Trace Labs Node 22,TLNODE_22,Trace Labs,2023-07-07T00:00:00.000Z,53880.818071268,300,69,44.519765622066664,4563.5979467789,21.237482222,3880.722815149,0.09
104,QmdaU5wBTFSTkPuA2Pmq7Wbqrw4Nr6w8yR64rjbwYpBqL1,SOON3,EMP3,Alliance,2023-07-07T00:00:00.000Z,50025.959602864,39,39,9.69890625,481.6425,2.589713541,25.959602845,0.24
55,QmS7qKhwkGUPj4HtETibDmSSgu5FsNbKxtWYrnLGEghqK5,Hotnode1,Hotnode1,Alliance,2023-07-07T00:00:00.000Z,52726.478387997,224,91,47.169609375,4660.677206819583,26.60389811,2686.277995124,0.24
40,QmRWR3W32A1eiqW7nWwcPxPbmK68VzXpyPrS7rpcjrY7SV,Branimir Rakic X87,BRX87,Alliance,2023-07-07T00:00:00.000Z,76984.483566489,124,55,26.082828369066668,2848.1598787400167,7.818706845,1984.134221043,0.24
62,QmTge66HJdzqgML2kWALnHuMCsXCyfRbzr51ite9GFFhvb,TRA©VERSE,KNOW,Alliance,2023-07-07T00:00:00.000Z,51106.2366479,83,46,18.24984375,2053.4934277269167,7.171639556,1106.236647683,0.24
15,QmNkmydWxHqj9voSjWkcVewefrDxEuwfyBkbGkwh4oZuWY,Trace Labs Node 11,TLNODE_11,Trace Labs,2023-07-07T00:00:00.000Z,50642.642102005,40,9,6.284366454733333,888.4529518507667,2.761285814,642.642101268,0.114
97,QmV7yVitPPfGm6AqkiLWQLHpv47KuBmtnswRGW4yunAHZB,PEMA03,PEMA03,Solo,2023-07-07T00:00:00.000Z,50274.105892326,34,34,8.49890625,417.196875,1.238888888,274.105892153,0.17
6,Qmeay8Jy7nMfi7i4ykeEg7qRS5Ba4NpwSH2aQTxXmjCrbL,Trace Labs Node 19,TLNODE_19,Trace Labs,2023-07-07T00:00:00.000Z,51146.037486283,166,32,24.135216062666668,1966.6362801183834,5.990705263,1146.037481954,0.12
109,QmdGgJWhw46SDPuGh8DQKoDYRGqC5QPWVGuatn1ggqrCar,SPARK5,PWD5,Solo,2023-07-07T00:00:00.000Z,50033.963671874,59,59,14.551640625,617.70421875,4.305745439,33.963671847,0.24
114,QmaUMsMLhMwC21L9qcPu9VBNpYAuEnGTNUK2tPwRge4XH9,SDUINODE,SDUI,Solo,2023-07-07T00:00:00.000Z,60000.0,0,0,0.0,0.46,0.0,0.0,0.24
64,QmZinr9WnYbygsJvWP4tWznMEWhUzoqoiDaHKYMzP1oqma,Trini Zone,Trini,Alliance,2023-07-07T00:00:00.000Z,51318.140122447,62,42,13.91109375,1901.648837886,1.891711495,1318.140122242,0.24
61,QmVCzVXqPXFgfdN7FXsQCqC2PYf8u8pWHL7MX9EVuLMsMH,COGE_TRAC03,COGET03,Solo,2023-07-07T00:00:00.000Z,53036.874185068,64,30,13.81171875,1218.13392964275,6.857460078,613.874184495,0.24
81,QmNrKvfW4Mw6bgzkVr55bLyMNDLhe4qKaXz58Yfpa2CDYY,drMurlly-DKGv6-4,DKGv6-4,Alliance,2023-07-07T00:00:00.000Z,50012.967853676,45,18,9.31265625,759.3695214795,1.971006943,502.967853477,0.24
98,QmWnnXzeuePCiS89PWsk6aRLGDZUA7tQLpV9pfUimodtBQ,4165341117b199642bc9cf8fe8e9ef7246d017dead863ad7d34abf88958b09ba,GAP,Solo,2023-07-07T00:00:00.000Z,50899.356876453,78,78,19.825546875,1226.99578125,8.350556092,399.356876249,0.24
26,QmVQfYT9c4iaBmiFZsNcQZJJJbDKuodBHUXSexfnwuUnwg,Trace Labs Node 23,TLNODE_23,Trace Labs,2023-07-07T00:00:00.000Z,53593.394109151,140,27,20.1661303696,3449.6073488738834,12.018175105,3593.394102623,0.1
46,QmbQeQsPytKnBVbRJsLosGZGPXcUaBMbgfeB6rKbiBDxGc,Hotnode5,Hotnode5,Alliance,2023-07-07T00:00:00.000Z,58921.474373974,107,22,17.636180419266665,2288.5372191326,8.2991564,1321.47437268,0.24
11,QmeaeLpQENK5eHHMF6Kt5iqeFtqADV8vUzcp3jYeSghCQy,Trace Labs Node 18,TLNODE_18,Trace Labs,2023-07-07T00:00:00.000Z,50859.249182717,88,20,13.359272460133333,1233.5952256034166,9.131936433,859.249179763,0.1
72,QmNtxNx8qx83bbApzc8bz48dFETSf4m1XwnZ7eo7q6MssG,Stunt,STN,Solo,2023-07-07T00:00:00.000Z,52235.013304467,126,43,25.90875,2268.555960927333,3.055598957,1235.01330435,0.24
32,QmPTT7R3rwKUawLJxEXwcerZfqC2rkYWr2uZiXUo6ftFoS,Trace Labs Node 12,TLNODE_12,Trace Labs,2023-07-07T00:00:00.000Z,53282.217280415,249,75,41.650151365266666,3621.9324359392667,4.913255661,3282.217273579,0.11
78,QmUSHCxxisiGipuMNqigcU64YgwiTjU9nTnvZkPPtWGeBy,Amado3,Amado3,Alliance,2023-07-07T00:00:00.000Z,52898.422336295,106,43,22.26046875,862.6447128809333,4.366666663,398.422336119,0.24
94,QmWXFBUi5EBPpUYXS8Chswymgct14DugGQABzt32m3Ly4p,Kanos,KAN,Alliance,2023-07-07T00:00:00.000Z,50222.034760143,42,42,10.319765625,630.75921875,3.138888886,222.034760023,0.24
16,QmdS3NwRXqmHpy6yzZ9k49Sau8Eb67zah1CKZ7nNpLMHoD,Trace Labs Node 8,TLNODE_8,Trace Labs,2023-07-07T00:00:00.000Z,50771.60215543,174,46,26.422998045333333,1328.6673546648333,1.332341347,771.602154589,0.11
17,QmbUXe8cNfvtUumZr1CZEibGmYHu5kBjhu5Xwm3PeGsjXY,Trace Labs Node 9,TLNODE_9,Trace Labs,2023-07-07T00:00:00.000Z,50586.64569738,73,19,11.430523681,875.7460123828166,4.537524964,586.645696471,0.12
110,QmbBn8L27ewqEA3V2mYqUqTwWq1Zk9jKXJst9meALVNXki,SPARK6,PWD6,Solo,2023-07-07T00:00:00.000Z,50020.853868272,35,35,8.526328125,352.69171875,3.722184243,20.853868259,0.24
30,QmcB3BHQhUzRmLNzo2rAZGjLPFHUTeGhFLji9AgeZfeQWs,Trace Labs Node 13,TLNODE_13,Trace Labs,2023-07-07T00:00:00.000Z,53236.870428689,344,109,57.67408447013333,4437.010678069983,18.882161807,3236.769835765,0.1
38,QmV9WL9J8FEUEZznaCTK1mZuKkjP3CkRt3979fVZHbXVvm,Branimir Rakic X86,BRX86,Alliance,2023-07-07T00:00:00.000Z,75691.709079872,70,14,8.940985106533333,1251.1641289509832,0.0,691.624188131,0.24
58,Qma2UjJmKRkq2ssjPvpsmLFjneSyeDNqpKjuUi158rpfVV,CVIKI,CVI,Alliance,2023-07-07T00:00:00.000Z,51689.570936262,88,31,18.20203125,1754.2788671670833,9.647468937,1189.570935923,0.24
122,Qmb545S4B8aBzkjsUCAxjKiZpuBdgs9PgJUUD6cD4qg3A3,BioTwo,DNA,Alliance,2023-07-07T00:00:00.000Z,60000.0,24,24,5.76,35.266875,0.0,0.0,0.24
1,QmemqyXyvrTAm7PwrcTcFiEEFx69efdR92GSZ1oQprbdja,Trace Labs Node 1,TLNODE_1,Trace Labs,2023-07-07T00:00:00.000Z,0.0,0,0,0.0,0.0,0.0,0.0,0.00375
70,QmT9GStkoa2zAGmrjh94XvMWTMSzmp5NKgCwS6vev5pHer,LuKu,LuKu,Alliance,2023-07-07T00:00:00.000Z,51739.306378015,116,47,24.20203125,2683.9919443241,3.010042315,1739.30637759,0.24
39,QmesuY31BVZEfCYzfEf2mx6KSkyEvwtCk3rV5ho3SPfRYJ,carbontracker,ct-otp,Solo,2023-07-07T00:00:00.000Z,0.0,0,0,0.0,0.0,0.0,0.0,0.002
90,QmW9RZBE7gdsLVa7hhzjik48yz8zDjaBJH3ih3QpBVSEGv,SHIFT06,ST06,Alliance,2023-07-07T00:00:00.000Z,53305.932902018,44,44,10.626328125,549.621640625,3.877015513,20.932902001,0.24
57,QmeERxvJvfsgvSoRyW8pNjQf1a1ebms9hnUUXHmvH3eQnm,Hotnode3,Hotnode3,Alliance,2023-07-07T00:00:00.000Z,67188.050486964,108,41,22.5384375,3131.7734531020833,17.568649447,2188.050486101,0.24
27,QmQwA2Hz8zNchVjGX4TWvqySCP5cbkLLVjUSvRsCHhQ4SB,Trace Labs Node 10,TLNODE_10,Trace Labs,2023-07-07T00:00:00.000Z,52512.961245114,113,26,17.1040283192,3073.9927446729,13.439602057,2512.861046799,0.11
93,QmcSxJE8nZmRZufLoJF78jcUTsa1pe54U2XXRHamGBxT4N,PEMA02,PEMA02,Solo,2023-07-07T00:00:00.000Z,50206.912330557,43,43,10.4896875,522.2988964842,1.98471137,206.912330456,0.17
79,QmNqdyK4dAZg97Dy8XRZ8VAUppLJeBJdpdkUq1u8iowuUS,Amado2,Amado2,Alliance,2023-07-07T00:00:00.000Z,52686.405373281,66,25,13.78640625,514.4252441405,3.145483395,186.405373233,0.24
49,QmWPGrwxjcFP8MAuS8PGPxWabtQR9kcXnyDpXrUULpnucd,Hotnode7,Hotnode7,Alliance,2023-07-07T00:00:00.000Z,59314.641925789,113,31,18.373388671,2465.1030367170665,17.030216067,1714.397798868,0.24
71,Qmcq6oVUF64DY8h9SWJkpXugExULwrmnyoySQjQ27sRjkt,drMurlly-DKGv6-3,DKGv6-3,Alliance,2023-07-07T00:00:00.000Z,0.0,0,0,0.0,532.144589841,0.0,0.0,0.24
113,QmSKeBQHJDgKyCbUZW3Mbtt75vsW64n3MnY8cMom5eSPjq,kooltek68,kooltek68,Solo,2023-07-07T00:00:00.000Z,55550.0,46,46,11.173359375,415.411171875,0.0,0.0,0.24
3,QmQHeX9fHNjdBZxHVtuUQDdQDQ2XnvxaxdG7Y5fgiBimLQ,Trace Labs Node 3,TLNODE_3,Trace Labs,2023-07-07T00:00:00.000Z,51865.985808496,191,54,31.781788328866668,3028.2904343415335,8.885458326,1865.985805707,0.128
25,QmRiWNNEc9WQAfjX7tM2sdsunbKJTiywWdsYGw6W8Uo1Q1,Trace Labs Node 15,TLNODE_15,Trace Labs,2023-07-07T00:00:00.000Z,52828.244273202,253,70,41.966967772,4093.0589178779833,14.260610543,2828.000458961,0.11
88,QmT1sYXxgfnuN43Uu9DFkanJSUCB6WkWS3H4eUb4bRGNAK,SHIFT04,ST04,Alliance,2023-07-07T00:00:00.000Z,53459.901473559,26,26,6.250078125,444.591796875,0.519444444,174.901473474,0.24
51,QmcmsZ76Yrm3sf6jZx7SX83W3CnWwadfYQ6YerefWAZuuH,drMurlly-DKGv6-1,DKGv6-1,Alliance,2023-07-07T00:00:00.000Z,50025.947772978,86,31,15.264543456533334,1350.6915226366166,6.163901189,775.947772239,0.24
54,QmfGTWRn5pJ3mHZ1iZnviLJe3TFHJMQ5bFZAUr1mnD2Rf5,Weave,WEAV,Solo,2023-07-07T00:00:00.000Z,51360.077058472,80,34,16.95,2293.770324156483,15.999715412,1359.981432527,0.24
77,QmQSmxjJL38oT6D8UHoyJzg9zhFmUtteH1uepFUZVUPKgD,Amado1,Amado1,Alliance,2023-07-07T00:00:00.000Z,52859.358602157,118,44,24.47859375,997.3145234293333,3.186111108,359.35860196,0.24
8,QmYCCXqCe5LHHi9ZxZTw1xTcYXZ47cwk8LmTRAcqWW53e1,Trace Labs Node 21,TLNODE_21,Trace Labs,2023-07-07T00:00:00.000Z,52735.387827961,184,39,21.480710446333333,3998.9129712046833,15.207319933,2645.38782264,0.1
76,QmZs1JecPip98cznh621wdhByLFPQuEfQPM5RoEfVp5EzY,CoachPA Node 4,COACH4,Solo,2023-07-07T00:00:00.000Z,51144.347854131,63,23,13.136015625,536.4937831994166,2.871440971,144.347854067,0.24
42,QmX4HRTqVpPVui5sLHVaxBdu4TXq92xc9jiJftmSd9FcjC,Branimir Rakic X,BRX,Alliance,2023-07-07T00:00:00.000Z,74394.703133916,104,23,16.940863036333333,3458.441703163983,0.0,1894.606944734,0.24
92,QmUB5Pb2UUyeH9AYhJpyxpGF7yNzW98ujJsVkoSgAy3ScG,PEMA01,PEMA01,Alliance,2023-07-07T00:00:00.000Z,50155.769876662,26,26,6.24,305.74734375,0.2,155.769876572,0.24
7,QmaSu1NT7R5XYSqvYHwxPmaPBYzKMyBfEViXtBsJg9YWae,Trace Labs Node 7,TLNODE_7,Trace Labs,2023-07-07T00:00:00.000Z,51235.632531013,154,36,22.91157348486667,1636.5786449653667,5.24316503,1235.632530262,0.115
82,QmeoBNoPq4oyRhJrufF6mPkVA7sKX9keYEwLMFbNUfqyY5,SHIFT01,ST01,Alliance,2023-07-07T00:00:00.000Z,53664.471508068,21,21,5.36109375,611.891015625,1.769444443,379.471507921,0.24
117,QmdSpXBSLic3C4oJK6HpJ6qzEY4Ni1mH8MVDdzUVeT3Kxv,dkg_node_3_token,dkg_node_3,Solo,2023-07-07T00:00:00.000Z,400000.0,85,85,20.892421875,325.769296875,0.0,0.0,0.001
53,QmYTjVNYTPFMiRhnfyLBKMzfYBTdbktTSMh1ZKpzvZu1sj,TRAC02,TRAC02,Solo,2023-07-07T00:00:00.000Z,53077.473274184,46,15,8.100769042733333,1836.3480090090168,5.876263494,1077.379148731,0.24
5,QmUUdsHQmRfCPXdd84j3JQCFoJHVGmY3847kCkKSq6n7RN,Trace Labs Node 5,TLNODE_5,Trace Labs,2023-07-07T00:00:00.000Z,50712.415405033,82,20,12.415825194666667,1233.7802226805834,6.818436376,712.415402321,0.118
89,QmRHFJSMg6soz7PKegG4WW9mZxBns8FXNqEGkHE9UanPfm,SHIFT05,ST05,Alliance,2023-07-07T00:00:00.000Z,53492.217681545,28,28,7.29234375,503.40696875,3.416704641,207.21768144,0.24
121,Qmb49PRCUmotz15MSyhUWuwzBg2ENtqDiUTb695HmfmvVD,OTLee,OTL,Alliance,2023-07-07T00:00:00.000Z,300000.0,0,0,0.0,0.0,0.0,0.0,0.24
29,QmTEisCvd7eYiANqVGvHd6RGpQ3ru1pd77Qxnn97PZP3i5,Trace Labs Node 28,TLNODE_28,Trace Labs,2023-07-07T00:00:00.000Z,51575.014836496,118,34,16.760808104266665,2049.748062161533,8.221298456,1574.783419729,0.12
52,QmWV8WbhuXj22tbWKc9pnfPaCAdWKRZpMDnpAKxfpCXM2R,drMurlly-DKGv6-2,DKGv6-2,Alliance,2023-07-07T00:00:00.000Z,50023.057719146,80,21,12.505290526533333,1594.9817372777334,4.882220386,1072.924893743,0.24
28,QmPMNPPsr4iyoTEPwKiWUfwHQEDSDL4Fbf457k8deg1zxr,Trace Labs Node 2,TLNODE_2,Trace Labs,2023-07-07T00:00:00.000Z,50472.752491612,63,18,12.686953125,939.3861624856667,7.848525041,472.752490435,0.176
47,QmSdi4m5SBfPU8VcTB3dB2i1HWAV6G4VdPQgo7K8xEqFWU,Hotnode6,Hotnode6,Alliance,2023-07-07T00:00:00.000Z,58536.551870938,103,31,16.349791258866667,1656.1022715808167,14.039522935,936.551869234,0.24
22,QmSHNjGfzapQL6sNrZTSCL6NCDsjH8i65BGqSjmJ4ZDu9T,Trace Labs Node 24,TLNODE_24,Trace Labs,2023-07-07T00:00:00.000Z,51651.075756871,135,37,22.580837401333334,2227.630949406833,8.144768089,1651.075753325,0.11
108,QmancZ6c2zGCpujhhSLHrg9naAY8BwAGSJVPgRUMfG4AxE,SPARK4,PWD4,Solo,2023-07-07T00:00:00.000Z,50014.094737413,43,43,10.45640625,455.75578125,0.766666666,14.094737401,0.24
100,QmTV8KALCUi2dcoAZ3W13foKDvayJFie1VoZTjDLFLUunM,SOON2,EMP2,Alliance,2023-07-07T00:00:00.000Z,50053.273556857,52,52,12.719765625,495.585234375,2.522222221,53.273556818,0.24
120,QmZYtjVipLma2AhHbjPRia9PJDe9vX7ezgTxNSFrSkWTKb,BioOne,TRAC,Solo,2023-07-07T00:00:00.000Z,60000.0,57,57,13.961953125,122.8096875,0.0,0.0,0.24
56,QmZFfAiUKFSUUg5eYR1qzXia67LYjm64pdbR9buRTdyd8N,Hotnode2,Hotnode2,Alliance,2023-07-07T00:00:00.000Z,51666.388663999,150,50,30.847265625,2972.71024410425,9.446063988,1623.388663262,0.24
12,QmaVYtFZcraSnVMpzHhdxHXZHb6juXAQWZ5taShWHWQSUh,Trace Labs Node 27,TLNODE_27,Trace Labs,2023-07-07T00:00:00.000Z,51633.883430497,168,27,22.419393308266667,2273.1111434702334,15.007845438,1633.88342636,0.11
44,QmSjLxW54uyPTKtJ3LZcNCmjZReKA2PyieHuuGKkkhA5vT,kCosmi,kCC,Alliance,2023-07-07T00:00:00.000Z,102557.204705905,234,61,35.9671325662,3878.7840009042666,22.294034129,2586.204702391,0.24
66,QmcgCVvM6R7YBU78S5B7DjRhwBsMeV4TAdDyRhDT3Sdr9S,(NLD)OT Node,DANS,Solo,2023-07-07T00:00:00.000Z,0.0,0,0,0.0,0.0,0.0,0.0,0.24
20,Qmb7eiBwhE6JqEWFXSJ7qxJdHZGEfBcfmSZUr8uAEbvcFg,Trace Labs Node 14,TLNODE_14,Trace Labs,2023-07-07T00:00:00.000Z,53388.030471473,180,61,29.9461962878,4052.8729152025667,13.236507204,3387.890190882,0.118
10,QmXkL415jBmkuzi183ALtmCsdEfm3XiUNxLdqKwuUjwCtx,Trace Labs Node 6,TLNODE_6,Trace Labs,2023-07-07T00:00:00.000Z,51081.359984988,120,0,14.0644958482,1370.8723421705333,2.364771848,1081.359980892,0.13
106,QmXEuMWk67BH2dbvFSyEBRt72Mv3m97EJh89PVz2YmQbwr,SPARK,PWD,Solo,2023-07-07T00:00:00.000Z,50006.025151909,39,39,9.4828125,407.245078125,1.28626302,6.025151906,0.24
101,QmdosmTKejBAhyXzqmideFKUyXMiucLXWRZvFST9mk8b37,drMurlly-DKGv6-3b,DKGv6-3b,Alliance,2023-07-07T00:00:00.000Z,50027.09852973,77,77,19.01109375,774.719765625,6.072490772,47.098529696,0.24
87,QmSmkRKYw171oGV4iPJxd6MDSrnLu7AiKjsawz5hVDpZxt,SHIFT03,ST03,Alliance,2023-07-07T00:00:00.000Z,53657.944055377,26,26,6.522421875,611.690390625,0.806835937,372.944055201,0.24
85,QmVR9JM6mzJwwEQ9YkfJg3ZrrQK13jDARRuoykyhyh9Nbc,SHIFT02,ST02,Alliance,2023-07-07T00:00:00.000Z,53624.237811901,37,37,8.99296875,771.502671875,5.148301863,339.237811749,0.24
48,QmXV8HvaDmb59ZXeeLKjQCUKf9WTNyAWFPq7N7YBBGercj,Hotnode8,Hotnode8,Alliance,2023-07-07T00:00:00.000Z,60783.420433054,128,34,20.15993041873333,3372.3837657333165,7.870159706,2597.290168539,0.24
105,QmQrD9YyhJY1oZ35fJ8CRo3VM8t5ABQrjS2R23Abg33KJJ,Two Ravens E&C,TWRVN,Solo,2023-07-07T00:00:00.000Z,52312.451555555,25,25,6.34171875,176.837671875,0.883333333,7.320555549,0.002
36,QmVY4xRwJVV4w5BESrpRW8s6Xv15j9n1ZFBw2TSes18aMv,Kitty,Kit,Alliance,2023-07-07T00:00:00.000Z,63886.453055832,126,25,19.5081262196,2702.10817097425,11.528396867,1885.453050866,0.32
65,QmP19HNvJJi5VuvkP5tpgHLmFvSrpHat5NVZxq7TEbafEH,CoachPA Node 1,COACH,Solo,2023-07-07T00:00:00.000Z,52082.388720789,82,33,17.2359375,1882.9227812453332,3.859785023,1082.388720689,0.24
84,QmTjs8wGS297NsQ9B3D42E11dUWAR8P3XsikvuKkJy8qFD,Sinoloa1,SNL1,Solo,2023-07-07T00:00:00.000Z,53291.155966682,47,47,11.3634375,840.433703125,2.346657985,291.155966578,0.24
99,QmYnZYqsuzA4Pr21YeDtQSouDvr4nT5wshnSdaa6A3uvG8,SOON,EMP,Alliance,2023-07-07T00:00:00.000Z,50050.045955403,30,30,7.438828125,294.59296875,5.151361758,50.045955365,0.24
2,QmZFcns6eGUosD96beHyevKu1jGJ1bA56Reg2f1J4q59Jt,Trace Labs Node 0,TLNODE_0,Trace Labs,2023-07-07T00:00:00.000Z,0.0,0,0,0.0,0.01710205066666667,0.0,0.017056506,0.00375
118,QmPtxryUf9L9xLkTkSMZaTdUjCjX2XAUgzGkZtYpnsVfgN,dkg_node_4_token,dkg_node_4,Solo,2023-07-07T00:00:00.000Z,400000.0,0,0,0.0,18.153046875,0.0,0.0,0.005
13,QmdxdGWjRqtE2wdoaoWQFMqrUPrsnFoLJ3QcCFDJ3fPtTt,Trace Labs Node 20,TLNODE_20,Trace Labs,2023-07-07T00:00:00.000Z,50841.753560793,90,30,15.042681884,1274.4359133273667,5.933876853,841.75355772,0.11
59,QmfMb7nuzR12xaVTayNSLJax9LeQEncctZupnKDasKhdEx,Blockchain22Networks,B22N,Solo,2023-07-07T00:00:00.000Z,56878.744736545,45,45,10.8,2720.6369804564833,12.905571855,2202.744735959,0.241
41,Qmaa96tesPwJCBjnhJgPBfpFg4HKvU2BLE2ao4g2bg9hVT,Branimir Rakic X88,BRX88,Alliance,2023-07-07T00:00:00.000Z,76433.478185442,68,27,14.5425,2130.758130567933,15.527073115,1433.196817373,0.24
45,QmPVxRU4EyJ2R4FqtCTXKbkVZVQNdSBwmvN2b767zHme3b,Hotnode4,Hotnode4,Alliance,2023-07-07T00:00:00.000Z,60714.123022219,159,37,24.671835936133334,4189.713901098483,11.663099437,3113.866097166,0.24
83,QmNRfsnE4Ea9rGkYkgnprre2Us4Dz4G85QKUi3V5iRBPsY,2961b8f91e1726913d12a4d8a093bec7da649632132d1bf71eabad0ad22d8c86,GLD,Solo,2023-07-07T00:00:00.000Z,55330.328237109,35,35,8.864765625,678.924625,5.183976233,330.328236929,0.2
9,QmVWyGofF7fAiKXyAQyyAKg9YEre7xvggMwqjCz1u4vJ7Y,Trace Labs Node 17,TLNODE_17,Trace Labs,2023-07-07T00:00:00.000Z,53682.83889554,330,81,48.45164428386666,5292.025960065133,23.970544548,3682.838890769,0.114
80,QmPx8gKqABFQuzYTHD7Ka9uvbFvmg7hfezU8BYcUahvVUC,Amado4,Amado4,Alliance,2023-07-07T00:00:00.000Z,52835.831608012,96,27,19.402265625,774.8387402284167,4.10538194,335.831607867,0.24
91,QmaM3ubEDegc8uRb7kDnFp2M1Y2A86PBDdXEMy5qBRVWnf,SHIFT07,ST07,Alliance,2023-07-07T00:00:00.000Z,53509.458590842,63,63,15.48328125,796.63640625,3.17067057,224.458590721,0.24
119,QmQEU9yMiERqaQEXuWohadDeGwkBF1hsVE7AWqCzCJQyHv,dkg_node_5_token,dkg_node_5,Solo,2023-07-07T00:00:00.000Z,300000.0,93,93,22.69875,365.0859375,0.0,0.0,0.01
111,QmXWrYF6yBfFudYzRx272jMNKbnSD2gsxJXBDCMSBdZuK8,SPARK2,PWD2,Solo,2023-07-07T00:00:00.000Z,50022.849080403,24,24,5.97375,393.2859375,4.535894094,22.849080387,0.24
43,QmdddUvKwcoq7FTmjoWqZxKiBE4izexcJ9jwzTHrNFUpVz,Branimir Rakic X89,BRX89,Alliance,2023-07-07T00:00:00.000Z,76851.751502516,195,63,40.13671875,3342.0186161521,32.514909122,1851.751501452,0.24
69,Qmb3yiWrE9J7twAMZkEFvgNoJwEykuvfC2uBjTNPcmCHfc,DKG Warrior 1,DKGWAR1,Alliance,2023-07-07T00:00:00.000Z,54126.86132502,71,31,15.209765625,864.70930272175,0.2,526.861324932,0.24
116,QmcZHDH5XnrifFUA2FhBWmjsgQFwqibvXqHMQTB9VKNG3y,dkgnode2,DKGN2,Solo,2023-07-07T00:00:00.000Z,400000.0,117,117,28.6875,537.883828125,0.0,0.0,1e-05
107,QmYUipWZSu6XAGbAw6az5Jg3fL9kRJiSLqsHPVFMagnJbU,SPARK3,PWD3,Solo,2023-07-07T00:00:00.000Z,50029.804299587,66,66,16.220390625,628.43859375,4.577430552,29.804299565,0.24
115,QmW4nmy8bvTNSUkBaHFwdBx37BbZPAcwHX5ZYKFNqjU6Qz,dkgnode1,DKGN1,Solo,2023-07-07T00:00:00.000Z,300000.0,88,88,22.12265625,574.9153593749334,0.0,0.0,0.0001
95,QmYFJVZRqxoF93LtWPuZYr5ADBVzkkN9bQ52pYxtt46JvU,Kwalla,KWLA,Solo,2023-07-07T00:00:00.000Z,50000.0,40,40,9.6,262.66,0.0,0.0,0.29
4,Qmbt6JkNzKhtxJz4CyBCisjbrz39qb1ziWX9kzez6dFkG9,Trace Labs Node 4,TLNODE_4,Trace Labs,2023-07-07T00:00:00.000Z,50246.266781478,39,23,5.577670897866667,420.3275827260667,3.996728512,246.266777681,0.135
31,QmbaHGQByXY8TvBwx1R2eQLt6XXpKeRAg4kEbR1yDjmVuM,Trace Labs Node 16,TLNODE_16,Trace Labs,2023-07-06T00:00:00.000Z,54008.80481995,296,69,40.6109985312,5052.9950530803335,25.53174182,4008.804814899,0.12
36,QmVY4xRwJVV4w5BESrpRW8s6Xv15j9n1ZFBw2TSes18aMv,Kitty,Kit,Alliance,2023-07-06T00:00:00.000Z,63874.924658946,139,13,16.886923826066667,2682.60004475465,11.77331105,1873.924653999,0.32
9,QmVWyGofF7fAiKXyAQyyAKg9YEre7xvggMwqjCz1u4vJ7Y,Trace Labs Node 17,TLNODE_17,Trace Labs,2023-07-06T00:00:00.000Z,53658.868350959,293,69,40.226861568333334,5243.574315781267,25.077058781,3658.868346221,0.114
105,QmQrD9YyhJY1oZ35fJ8CRo3VM8t5ABQrjS2R23Abg33KJJ,Two Ravens E&C,TWRVN,Solo,2023-07-06T00:00:00.000Z,52311.568222222,16,16,3.912890625,170.495953125,1.402777777,6.437222216,0.002
54,QmfGTWRn5pJ3mHZ1iZnviLJe3TFHJMQ5bFZAUr1mnD2Rf5,Weave,WEAV,Solo,2023-07-06T00:00:00.000Z,51344.077343038,41,15,8.565703125,2276.8203241564834,11.134408428,1343.981717115,0.24
53,QmYTjVNYTPFMiRhnfyLBKMzfYBTdbktTSMh1ZKpzvZu1sj,TRAC02,TRAC02,Solo,2023-07-06T00:00:00.000Z,53071.597010682,46,14,9.37125,1828.2472399662834,7.730618477,1071.502885237,0.24
88,QmT1sYXxgfnuN43Uu9DFkanJSUCB6WkWS3H4eUb4bRGNAK,SHIFT04,ST04,Alliance,2023-07-06T00:00:00.000Z,53459.382029114,36,36,8.86171875,438.34171875,1.002777777,174.38202903,0.24
76,QmZs1JecPip98cznh621wdhByLFPQuEfQPM5RoEfVp5EzY,CoachPA Node 4,COACH4,Solo,2023-07-06T00:00:00.000Z,51141.476413159,55,30,11.99671875,523.3577675744167,2.691927083,141.476413096,0.24
102,Qmcj2eQrYT2FQeXXKVHkmGPxkJisGUx3ZTK9vnw8Q1qskT,drMurlly-DKGv6-5,DKGv6-5,Alliance,2023-07-06T00:00:00.000Z,50007.143362087,33,33,8.18015625,505.05375,2.619957138,37.14336206,0.24
101,QmdosmTKejBAhyXzqmideFKUyXMiucLXWRZvFST9mk8b37,drMurlly-DKGv6-3b,DKGv6-3b,Alliance,2023-07-06T00:00:00.000Z,50021.026038953,51,51,12.3459375,755.708671875,6.429991315,41.026038924,0.24
47,QmSdi4m5SBfPU8VcTB3dB2i1HWAV6G4VdPQgo7K8xEqFWU,Hotnode6,Hotnode6,Alliance,2023-07-06T00:00:00.000Z,58522.512347967,81,22,12.326458739533333,1639.75248032195,16.25007693,922.512346299,0.24
84,QmTjs8wGS297NsQ9B3D42E11dUWAR8P3XsikvuKkJy8qFD,Sinoloa1,SNL1,Solo,2023-07-06T00:00:00.000Z,53288.809308696,28,28,7.02984375,829.070265625,1.769444443,288.809308593,0.24
99,QmYnZYqsuzA4Pr21YeDtQSouDvr4nT5wshnSdaa6A3uvG8,SOON,EMP,Alliance,2023-07-06T00:00:00.000Z,50044.894593641,21,21,5.16515625,287.154140625,3.023198782,44.894593607,0.24
103,QmYUQxkU1ZLXi95EPTUMWwVdkuFcpLSdeM1R4aD6C6MXDH,LIT,LIT,Solo,2023-07-06T00:00:00.000Z,50028.013248697,41,41,10.598203125,469.1034375,2.68611111,28.013248674,0.22
48,QmXV8HvaDmb59ZXeeLKjQCUKf9WTNyAWFPq7N7YBBGercj,Hotnode8,Hotnode8,Alliance,2023-07-06T00:00:00.000Z,60775.550273339,112,29,16.031389158733333,3352.2238353145835,5.546196229,2589.420008833,0.24
20,Qmb7eiBwhE6JqEWFXSJ7qxJdHZGEfBcfmSZUr8uAEbvcFg,Trace Labs Node 14,TLNODE_14,Trace Labs,2023-07-06T00:00:00.000Z,53374.793964237,144,40,22.6445324694,4022.9267189147668,14.030937644,3374.653683678,0.118
59,QmfMb7nuzR12xaVTayNSLJax9LeQEncctZupnKDasKhdEx,Blockchain22Networks,B22N,Solo,2023-07-06T00:00:00.000Z,56865.839164675,27,27,6.48,2709.836980456483,14.820498828,2189.839164104,0.241
73,QmfNJ6tVMZ9ZPcvFSo73Za2qtXe6Wts1HATwjHgCWuKCoL,JuLen,JLT,Alliance,2023-07-06T00:00:00.000Z,50886.239771631,100,43,21.07546875,1334.0109902289166,1.736566839,786.239771507,0.24
87,QmSmkRKYw171oGV4iPJxd6MDSrnLu7AiKjsawz5hVDpZxt,SHIFT03,ST03,Alliance,2023-07-06T00:00:00.000Z,53657.13721944,26,26,6.575859375,605.16796875,1.28611111,372.137219264,0.24
7,QmaSu1NT7R5XYSqvYHwxPmaPBYzKMyBfEViXtBsJg9YWae,Trace Labs Node 7,TLNODE_7,Trace Labs,2023-07-06T00:00:00.000Z,51230.389365974,111,27,14.936068113616667,1613.6670714805,3.862412439,1230.389365232,0.115
65,QmP19HNvJJi5VuvkP5tpgHLmFvSrpHat5NVZxq7TEbafEH,CoachPA Node 1,COACH,Solo,2023-07-06T00:00:00.000Z,52078.528935763,62,22,12.79265625,1865.6868437453334,4.110856375,1078.528935666,0.24
104,QmdaU5wBTFSTkPuA2Pmq7Wbqrw4Nr6w8yR64rjbwYpBqL1,SOON3,EMP3,Alliance,2023-07-06T00:00:00.000Z,50023.369889322,42,42,10.54546875,471.94359375,2.866666664,23.369889304,0.24
86,Qmb44HMCYoQPkNfxxVE6rDtYv3uoKZJkp52cpfQi72BXqD,Sinaloa2,SNL2,Solo,2023-07-06T00:00:00.000Z,53158.488061076,31,31,7.517578125,676.58928125,0.483333333,158.488061072,0.24
41,Qmaa96tesPwJCBjnhJgPBfpFg4HKvU2BLE2ao4g2bg9hVT,Branimir Rakic X88,BRX88,Alliance,2023-07-06T00:00:00.000Z,76417.9511123,62,26,13.01109375,2116.215630567933,18.234084412,1417.669744258,0.24
75,QmY2mcLSswmrcqmjFCSEwTYTeMH8tZVeRvCzZBhAUrLr85,kitty02,kit02,Alliance,2023-07-06T00:00:00.000Z,63850.510124053,152,45,30.770625,2593.6329785041667,4.533203122,1350.510123742,0.297243174
67,QmUNARF8G5xeRC3VkVAANpQWeVgPuMCQUuNcMKzZxare2B,CoachPA Node 2,COACH2,Solo,2023-07-06T00:00:00.000Z,53018.212245802,154,54,32.047460937333334,3759.487753885833,5.330555552,2018.21224544,0.24
85,QmVR9JM6mzJwwEQ9YkfJg3ZrrQK13jDARRuoykyhyh9Nbc,SHIFT02,ST02,Alliance,2023-07-06T00:00:00.000Z,53619.089510034,20,20,4.8459375,762.509703125,2.586520723,334.089509886,0.24
25,QmRiWNNEc9WQAfjX7tM2sdsunbKJTiywWdsYGw6W8Uo1Q1,Trace Labs Node 15,TLNODE_15,Trace Labs,2023-07-06T00:00:00.000Z,52813.983662638,222,51,30.5864465304,4051.0919501059834,13.329588609,2813.739848418,0.11
66,QmcgCVvM6R7YBU78S5B7DjRhwBsMeV4TAdDyRhDT3Sdr9S,(NLD)OT Node,DANS,Solo,2023-07-06T00:00:00.000Z,0.0,0,0,0.0,0.0,0.0,0.0,0.24
74,QmdiEMaxS1w2UT29Gh5XmVB43yLTXGij6w4J4nDCicZhVA,Node Jesus 1,NJ1,Solo,2023-07-06T00:00:00.000Z,50535.614334392,57,31,12.378046875,1028.5406816361667,3.008333331,535.614334273,0.24
3,QmQHeX9fHNjdBZxHVtuUQDdQDQ2XnvxaxdG7Y5fgiBimLQ,Trace Labs Node 3,TLNODE_3,Trace Labs,2023-07-06T00:00:00.000Z,51857.100350158,181,39,25.078458249733334,2996.5086460126668,9.648318942,1857.100347381,0.128
6,Qmeay8Jy7nMfi7i4ykeEg7qRS5Ba4NpwSH2aQTxXmjCrbL,Trace Labs Node 19,TLNODE_19,Trace Labs,2023-07-06T00:00:00.000Z,51140.046781015,133,20,16.4392492656,1942.5010640557166,2.335584851,1140.046776691,0.12
